Industrial Market - Daily,,,,,,,,,,,,,,,,,,,,
,,,,,,,,,,,,,,,,,,,,
"XAO 4912.7 at 2011-03-30T16:36:33. Report at Wednesday, March 30, 2011. Processed Thursday at 2011-03-31T01:00:05+11:00.",,,,,,,,,,,,,,,,,,,,
,,,,,,,,,,,,,,,,,,,,
,,,,,,,,,,,,,,,,,,,,
,,,,,,,,,,,,,,,,,,,,
52 Wk High,52 Wk Low,Day's High,Day's Low,ASX Code,Security Description,Last Sale,+ or -,Vol 100's,Quote Buy,Quote Sell,Div c per share,Franked Div,Div Tms Cov,NTA,Div yld %,Earn share c,P/E Ratio,
4.25,2.75,-,-,ONT,1300 Smiles,3.85,-,-,3.81,3.90,14.70,f,1.55,.18,3.82,22.77,16.9,,
.11,.052,-,-,TQH,3Q Hldgs,.052,-,-,.052,.08,-,,-,-.06,-,1.08,4.8,,
.048,.015,-,-,FCS,4C Sec Solution,.03,-,-,.02,.028,-,,-,.01,-,-.15,-,,
.275,.03,.055,.05,AAY,AACL Hldgs,.05,-.5,700,.04,.06,-,,-,-,-,-3.00,-,,
.725,.013,.015,.015,AAQ,AAQ Hldgs,.015,-,5000,.015,.016,-,,-,-,-,-3.24,-,,
2.45,1.825,2.45,2.34,ABP,Abacus Prop stp,2.40,+6,9729,2.39,2.40,9.90,,.29,2.83,4.13,2.91,82.5,,
1.465,1.21,1.29,1.275,ALR,Aberdeen Leaders,1.29,+1.5,230,1.28,1.295,9.50,f,.50,1.37,7.36,4.77,27.0,,
.56,.365,-,-,AKG,Academies A'asia,.51,-,-,.36,.56,4.00,f,1.24,.15,7.84,4.95,10.3,,
3.82,1.72,3.73,3.56,ACR,Acrux,3.59,-11,90118,3.58,3.59,-,,-,.77,-,65.08,5.5,,
.105,.023,-,-,ACW,Actinogen,.048,-,-,.049,.055,-,,-,.02,-,-2.12,-,,
.014,.001,-,-,ACWO,  opt aug12,.01,-,-,-,.01,-,,-,-,-,-,-,,
.015,.01,-,-,ACWOA,  opt sep15,.015,-,-,.015,-,-,,-,-,-,-,-,,
.007,.001,.002,.002,ACU,Acuvax,.002,-,30500,.001,.002,-,,-,-,-,-.14,-,,
.69,.27,.285,.285,ADA,Adacel Tech,.285,-,100,.285,.32,-,,-,.17,-,-2.10,-,,
.25,.145,-,-,AAU,Adcorp Aust,.25,-,-,.20,.23,1.00,f,-,.08,4.00,-9.67,-,,
.003,.001,-,-,ABN,AdEffective,.001,-,-,.001,.002,-,,-,-,-,.21,.5,,
3.692,2.473,3.24,3.19,ABC,Adelaide Brighton,3.21,+3,19038,3.19,3.24,16.50,f,1.45,1.19,5.14,23.90,13.4,,
.296,.148,.245,.245,AYT,Adelaide Mgd unt,.245,+.5,23,.24,.245,11.60,,1.02,.29,47.35,11.88,2.1,,
.082,.05,-,-,ADQ,ADG Global Supply,.07,-,-,.07,.078,-,,-,.03,-,-.86,-,,
.038,.014,.029,.029,ABV,Adv Braking Tech,.029,-.1,1000,.028,.03,-,,-,.01,-,-.03,-,,
.54,.20,-,-,AMT,Adv Surg Dsgn & Mnft,.255,-,-,.23,.255,-,,-,.14,-,-6.01,-,,
.125,.035,-,-,AES,Advanced Energy,.05,-,-,.035,.056,-,,-,-,-,-.06,-,,
.05,.015,.018,.018,ACE,Advanced Engine,.018,+.2,121,.018,.02,-,,-,-.04,-,-2.65,-,,
.062,.036,.039,.038,ANM,Advanced Magnesium,.038,-.1,167,.038,.043,-,,-,.02,-,-.65,-,,
1.20,.375,.90,.90,ASW,Advanced Share Reg,.90,-,2,.90,.92,3.70,f,.96,.15,4.11,3.56,25.3,,
.39,.055,-,-,AEI,Aeris Environmental,.195,-,-,.185,.20,-,,-,-.02,-,-1.54,-,,
.002,.001,-,-,AFT,AFT Corp,.001,-,-,.001,.002,-,,-,-,-,.02,5.0,,
.047,.017,.02,.019,AGX,Agenix,.019,-.1,9957,.019,.024,-,,-,-,-,.57,3.3,,
.01,.001,-,-,AGXO,  opt jun11,.001,-,-,-,.001,-,,-,-,-,-,-,,
16.92,13.51,14.40,14.11,AGK,AGL Energy,14.31,+19,11376,14.30,14.35,59.00,,1.54,6.40,4.12,91.10,15.7,,
.19,.121,-,-,AGJ,Agricultural Land unt,.16,-,-,.18,.255,1.88,,1.19,.37,11.75,2.23,7.2,,
2.25,1.80,-,-,AHC,AHC,1.90,-,-,-,2.10,10.00,f,1.16,4.92,5.26,11.63,16.3,,
17.34,13.95,17.34,17.30,ENY,AII 200 Energy etf unt,17.30,-,11,17.26,17.35,-,p,-,-,-,-,-,,
5.09,4.18,-,-,FIN,AII 200 Financials etf unt,4.47,-,-,4.61,4.63,-,p,-,-,-,-,-,,
5.98,4.83,-,-,FIX,AII 200 Fin X-A-REIT etf unt,5.29,-,-,5.33,5.39,-,p,-,-,-,-,-,,
3.97,3.21,-,-,IDD,AII 200 Industrials etf unt,3.70,-,-,3.80,3.83,-,p,-,-,-,-,-,,
6.10,4.60,5.94,5.94,RSR,AII 200 Resources etf unt,5.94,+2,15,6.00,6.04,-,p,-,-,-,-,-,,
5.32,3.90,5.12,5.12,MAM,AII 300 Metals & Mining etf unt,5.12,+6,11,5.15,5.18,-,p,-,-,-,-,-,,
.32,.08,.27,.26,AGI,Ainsworth Game Tech,.26,+.5,1578,.255,.265,-,,-,.02,-,1.69,15.4,,
1.175,.765,.82,.815,AIZ,Air New Zealand,.82,+.5,107,.815,.82,5.34,,1.66,1.14,6.51,8.87,9.2,,
.11,.05,-,-,AIG,Aircruising Aust,.05,-,-,-,.055,-,,-,-.15,-,-4.06,-,,
3.24,1.70,1.87,1.825,AJL,AJ Lucas Grp,1.855,-3.5,621,1.825,1.86,-,,-,.94,-,-47.00,-,,
.77,.345,.71,.69,ACL,Alchemia,.70,-,1700,.695,.70,-,,-,.04,-,-6.30,-,,
45.19,11.50,-,-,AAI,Alcoa Inc cdi,16.50,-,-,14.01,17.00,10.88,,-,-,.66,-14.02,-,,
2.30,1.80,2.00,1.96,LEP,ALE Prop Grp stp,1.975,-5.5,408,1.975,2.00,22.00,,.32,2.26,11.14,6.98,28.3,,
3.63,2.25,3.18,3.12,ALS,Alesco Corp,3.15,-,2103,3.14,3.16,1.50,f,-,.72,.48,-141.41,-,,
.195,.08,.13,.13,AJX,Alexium Int'l,.13,-,380,.12,.125,-,,-,-.01,-,-4.93,-,,
.67,.17,-,-,AEB,Algae.Tec,.40,-,-,.38,.40,-,,-,-,-,-,-,,
.007,.003,.006,.004,AEJDA,Alinta Energy Grp def,.004,-.1,63541,.004,.005,-,,-,-1.30,-,-146.64,-,,
.30,.16,.22,.21,AZG,Allmine Grp,.215,-.5,4715,.215,.22,-,,-,-,-,-,-,,
.83,.657,.74,.74,AIQ,Alternative Invest unt,.74,-,204,.74,.745,-,,-,1.39,-,-8.87,-,,
.28,.085,-,-,ALU,Altium,.09,-,-,.10,.115,-,,-,.01,-,-11.90,-,,
.15,.033,.12,.12,AMA,AMA Grp,.12,-,1500,.115,.125,-,,-,-.06,-,3.48,3.4,,
6.78,5.21,6.00,5.93,AHD,Amalgamated Hldgs,5.95,-2,4713,5.95,6.00,37.00,f,2.21,5.05,6.22,81.90,7.3,,
.63,.30,-,-,AMO,Ambertech,.31,-,-,.30,.335,.50,f,1.20,.58,1.61,.60,51.7,,
.42,.275,.30,.30,AMB,Ambition Grp,.30,+1,180,.295,.30,-,,-,.16,-,3.02,9.9,,
62.214,57.874,-,-,AKS,AMCB Fund No 1,85.00,-,-,60.61,-,359.00,f,.82,85.15,4.22,294.00,28.9,,
64.151,59.798,-,-,AKU,AMCB Fund No 3,81.00,-,-,63.34,-,326.00,f,1.06,82.13,4.02,345.00,23.5,,
34.344,31.938,-,-,AKT,AMCB Fund No 2,42.48,-,-,33.00,-,312.00,f,.70,43.50,7.34,218.00,19.5,,
.70,.595,.68,.67,AMH,AMCIL,.68,+.5,934,.67,.68,2.00,,2.22,.79,2.94,4.45,15.3,,
.365,.265,.34,.33,AMM,Amcom Telco,.33,+.5,7867,.325,.335,1.60,f,1.70,.16,4.85,2.72,12.1,,
7.18,5.79,7.085,7.02,AMC,Amcor,7.08,+3,71024,7.06,7.08,34.00,,.76,1.48,4.80,25.70,27.5,,
.97,.675,.815,.795,AGF,AMP Capital China unt,.805,+.5,3695,.805,.81,2.59,,.62,1.01,3.22,1.60,50.3,,
6.56,4.85,5.54,5.37,AMP,AMP,5.47,+10,146371,5.45,5.47,30.00,p,1.26,.98,5.48,37.90,14.4,,
5.57,5.12,5.57,5.31,AMPN,  def x axa,5.42,+11,1821,5.42,5.52,-,,-,-,-,-,-,,
.25,.085,.099,.099,ANQ,AnaeCo,.099,-.1,101,.092,.10,-,,-,-.02,-,-5.20,-,,
.004,.001,-,-,ANQOA,  opt may12,.001,-,-,-,-,-,,-,-,-,-,-,,
.065,.019,.029,.028,ALT,Analytica,.029,+.1,3999,.029,.03,-,,-,-,-,-.29,-,,
.31,.003,-,-,AEK,Anatolia Energy,.20,-,-,.18,.20,-,,-,.04,-,-.13,-,,
.04,.004,.006,.006,AYG,Anittel Grp,.006,-,800,.006,.007,-,,-,-.01,-,-1.08,-,,
13.98,11.68,13.67,13.21,ANN,Ansell,13.56,+41,7231,13.28,13.56,31.50,,2.93,2.29,2.32,92.40,14.7,,
.045,.026,-,-,ANO,Antaria,.028,-,-,.03,.031,-,,-,.01,-,-5.22,-,,
.105,.035,.072,.069,ADO,Anteo Diagnostics,.07,-.3,17207,.07,.071,-,,-,-,-,-.42,-,,
.016,.007,.014,.012,ANP,Antisense Therapeutic,.012,-.1,167670,.012,.013,-,,-,-,-,-.26,-,,
.009,.002,.007,.006,ANPO,  opt jul12,.006,-.1,70030,.006,.007,-,,-,-,-,-,-,,
26.23,19.95,24.00,23.58,ANZ,ANZ Banking Grp,23.88,+37,98391,23.87,23.89,126.00,f,1.42,10.38,5.28,178.90,13.3,,
13.19,11.40,-,-,APE,AP Eagers,12.30,-,-,12.25,12.30,64.00,f,1.65,7.76,5.20,105.30,11.7,,
.034,.012,-,-,APP,APA Fin Services,.025,-,-,.022,.029,-,,-,.01,-,.16,15.6,,
4.22,3.35,4.22,4.09,APA,APA Grp stp,4.20,+10,11215,4.14,4.21,33.50,,.59,1.34,7.98,19.60,21.4,,
.05,.012,.013,.013,AEZ,APN European Ret stp,.013,-,8304,.013,.014,-,,-,-,-,-13.43,-,,
2.54,1.455,1.55,1.52,APN,APN News & Media,1.535,+1.5,15467,1.535,1.55,12.00,p,1.30,-.65,7.82,15.60,9.8,,
.34,.165,.185,.185,APD,APN Prop Grp,.185,-.5,50,.19,.225,1.25,f,-,.20,6.76,-10.21,-,,
.022,.007,.007,.007,AOP,Apollo Cons,.007,-.1,6000,.007,.008,-,,-,-,-,-.16,-,,
.02,.008,.011,.01,APB,Arafura Pearls,.01,-.2,6600,.01,.013,-,,-,.02,-,-1.00,-,,
.001,.001,-,-,APBO,  opt may12,.001,-,-,-,-,-,,-,-,-,-,-,,
8.48,5.40,8.28,8.14,ARP,ARB Corp,8.25,-8,515,8.17,8.25,22.00,f,2.22,1.47,2.67,48.75,16.9,,
1.50,.92,1.455,1.415,AAD,Ardent Leisure Grp stp,1.44,-2,8603,1.41,1.48,10.75,,.95,.95,7.47,10.20,14.1,,
6.60,5.51,6.23,6.14,ARG,Argo Invest,6.17,+3,2984,6.14,6.18,26.00,f,1.03,6.30,4.21,26.70,23.1,,
.33,.23,.32,.30,ARA,Ariadne Aust,.32,+2,201,.30,.32,2.00,,1.58,.33,6.25,3.15,10.2,,
4.63,2.52,3.27,3.21,ALL,Aristocrat Leisure,3.23,+1,20091,3.20,3.25,5.00,,2.90,.14,1.55,14.50,22.3,,
.015,.007,-,-,AEM,Artist & Entertain,.009,-,-,.008,.009,-,,-,-,-,-.24,-,,
.195,.04,.05,.04,AKW,Arturus Capital,.05,+1,1633,.049,.059,-,,-,-.01,-,-22.00,-,,
.39,.24,.38,.38,APH,Ascent Pharmahealth,.38,-,600,.38,.385,-,,-,.09,-,4.80,7.9,,
1.915,1.44,1.755,1.69,AIO,Asciano Grp,1.73,+4,147027,1.725,1.74,1.00,f,-,.13,.58,-33.60,-,,
.20,.085,.10,.10,AFA,ASF Grp,.10,+1,2000,.09,.11,-,,-,.02,-,-1.29,-,,
1.55,.985,1.07,1.03,ASZ,ASG Grp,1.03,-2.5,1699,1.015,1.03,7.00,f,1.17,-,6.80,8.16,12.6,,
.16,.04,-,-,AJJ,Asia Liver Trans,.14,-,-,.135,.14,.70,,1.46,.01,5.00,1.02,13.7,,
1.10,1.01,1.04,1.04,AUF,Asian Masters Fund,1.04,-1,184,1.04,1.10,2.50,f,-,1.02,2.40,-.32,-,,
.255,.12,-,-,AKF,ASK Funding,.13,-,-,.13,.15,.36,,2.67,.34,2.77,.96,13.5,,
.56,.42,.455,.445,APZ,Aspen Grp stp,.455,-,6133,.445,.455,4.20,,.31,.68,9.23,1.30,35.0,,
.15,.08,.14,.14,ASP,Aspermont,.14,+2,80,.11,.14,-,,-,-.04,-,-.06,-,,
1.42,.77,1.05,1.04,AIR,Astivita Renewables,1.04,-6,40,1.04,1.10,4.00,f,7.17,.56,3.85,28.68,3.6,,
3.49,.28,2.97,2.94,AJA,Astro Japan Prop Grp stp,2.95,-,582,2.95,2.97,57.50,,-,5.60,19.49,-155.60,-,,
2.61,1.68,2.60,2.59,ATR,Astron,2.60,+5,180,2.43,2.65,-,,-,2.85,-,2.53,102.8,,
43.89,28.02,34.80,34.39,ASX,ASX,34.50,-30,7760,34.43,34.52,174.20,f,1.10,3.85,5.05,191.20,18.0,,
.153,.078,-,-,ACG,Atcor Medical,.095,-,-,.092,.095,-,,-,.04,-,-1.31,-,,
.125,.08,.11,.11,ATP,Atlas Southsea Pearl,.11,-,100,.11,.115,-,,-,.14,-,1.82,6.0,,
1.75,1.45,1.63,1.63,AIA,Auckland Airport,1.63,+3,100,1.58,1.64,6.33,,.34,1.12,3.88,2.18,74.8,,
4.66,.18,4.50,4.40,AKP,Audio Pixels Ltd,4.50,+5,17,4.40,4.50,-,,-,.22,-,1.23,365.9,,
1.25,1.05,-,-,AIB,Aurora Global Inc Tr unt,1.18,-,-,1.185,1.19,11.00,,1.04,1.21,9.32,11.42,10.3,,
5.40,4.80,5.24,5.24,AUP,Aurora Prop unt,5.24,+2,60,5.24,5.26,44.00,,-,5.33,8.40,-,-,,
1.24,1.035,1.13,1.13,ABW,Aurora SAE ord unt,1.13,-,488,1.13,1.14,9.60,,-,1.13,8.50,-.88,-,,
1.035,.965,1.01,1.00,AOD,Aurora Sandringham unt,1.01,+1.5,377,.995,1.01,6.10,,-,1.00,6.04,-.72,-,,
1.75,1.55,-,-,AQF,Aust Gov Index Fund,1.72,-,-,1.73,-,2.50,f,1.67,1.63,1.45,4.18,41.1,,
1.50,1.30,-,-,AZF,AUS Social Infr Fund unt,1.41,-,-,1.42,1.44,-,,-,-,-,-,-,,
3.89,1.455,3.85,3.77,ASL,Ausdrill,3.83,+5,8055,3.80,3.85,11.50,f,2.23,1.79,3.00,25.67,14.9,,
5.30,1.71,3.49,3.34,AAX,Ausenco,3.38,-6,1570,3.34,3.41,4.50,,-,.43,1.33,-8.80,-,,
1.70,1.22,1.645,1.60,AAC,Aust Agriculture,1.60,-3,5023,1.60,1.64,-,,-,2.23,-,.34,470.6,,
.007,.001,.002,.002,AAK,Aust China Hldgs,.002,-,674,.002,.003,-,,-,.02,-,-.05,-,,
.001,.001,-,-,AAKO,  opt dec13,.001,-,-,-,.001,-,,-,-,-,-,-,,
.868,.429,.81,.80,AEU,Aust Education unt,.80,-,1340,.80,.81,2.82,,1.83,1.34,3.52,5.17,15.5,,
6.72,6.10,-,-,AYF,Aust Enhanced unt,6.49,-,-,6.48,6.58,50.00,p,1.02,6.94,7.70,51.00,12.7,,
29.10,18.345,20.50,20.50,AEF,Aust Ethical,20.50,-50,4,20.16,20.50,95.00,f,.85,7.16,4.63,80.34,25.5,,
5.30,4.52,4.87,4.81,AFI,Aust Foundation,4.84,+4,3776,4.84,4.85,21.00,f,1.01,4.93,4.34,21.17,22.9,,
2.09,1.54,1.93,1.88,AIX,Aust Infrastructure Fd unt,1.93,+2,9225,1.895,1.93,10.00,p,2.44,2.70,5.18,24.40,7.9,,
1.305,1.015,1.305,1.29,ALF,Aust Leaders Fund,1.30,-.5,1122,1.29,1.30,9.00,f,.82,1.43,6.92,7.35,17.7,,
.62,.305,.32,.31,API,Aust Pharmaceutical,.315,+.5,4758,.31,.32,2.50,f,2.04,.89,7.94,5.10,6.2,,
.57,.335,.47,.46,APK,Aust Power & Gas,.46,-,1771,.445,.46,-,,-,-,-,-5.42,-,,
7.79,6.37,6.76,6.65,AUI,Aust United Invest,6.76,+1,56,6.76,6.90,26.00,f,1.22,7.43,3.85,31.80,21.3,,
.465,.195,.29,.28,AVG,Aust Vintage,.29,+1,184,.29,.295,-,,-,1.02,-,3.90,7.4,,
3.58,1.935,3.08,2.92,ASB,Austal,3.00,-,933,3.00,3.05,6.00,,3.25,1.43,2.00,19.52,15.4,,
1.46,.835,1.31,1.28,AUN,Austar United,1.29,+1,33100,1.28,1.295,-,,-,-.21,-,7.90,16.3,,
6.55,4.54,6.39,6.32,AUB,Austbrokers Hldgs,6.38,-2,48,6.12,6.39,23.50,f,1.60,1.20,3.68,37.50,17.0,,
2.14,1.49,2.10,2.09,AEO,Austereo Grp,2.09,-,36834,2.09,2.10,10.70,f,1.35,-.53,5.12,14.46,14.5,,
4.90,2.55,4.65,4.55,ANG,Austin Engineer,4.65,+5,706,4.61,4.65,10.50,f,2.97,.37,2.26,31.19,14.9,,
.255,.10,.14,.14,ACK,Austock Grp,.14,+1,11,.13,.14,-,,-,.19,-,-.90,-,,
1.00,.58,-,-,AYX,Austofix Grp,.58,-,-,.15,.58,-,,-,.13,-,-9.50,-,,
3.17,2.25,3.10,3.05,ALZ,Australand Prop stp,3.07,+2,9323,3.02,3.08,20.50,,1.40,3.52,6.68,28.70,10.7,,
.055,.01,-,-,AIY,Authorised Invest,.011,-,-,.01,.029,-,,-,.02,-,-1.00,-,,
.016,.016,-,-,AIYO,  opt feb13,.016,-,-,-,.016,-,,-,-,-,-,-,,
.056,.024,-,-,ATJ,Auto Technology,.038,-,-,.034,.037,-,,-,.01,-,-1.43,-,,
.011,.001,-,-,ATJO,  opt jun11,.002,-,-,-,.005,-,,-,-,-,-,-,,
.01,.003,-,-,ATJOA,  opt jun12,.01,-,-,.003,.01,-,,-,-,-,-,-,,
.083,.036,.053,.052,AIE,Autodom,.052,+.1,373,.052,.055,-,,-,.05,-,-3.43,-,,
2.88,2.10,2.80,2.67,AHE,Automotive Hldgs,2.74,+2,720,2.65,2.78,17.00,f,1.47,.78,6.20,24.96,11.0,,
.15,.024,.054,.048,AVX,Avexa,.049,-.4,106800,.048,.05,-,,-,.03,-,-4.41,-,,
.145,.099,.125,.115,AVH,Avita Medical,.125,+1,1327,.115,.125,-,,-,.02,-,-4.83,-,,
.60,.38,.53,.53,AVJ,AVJennings,.53,-,5,.525,.55,2.50,f,3.15,1.10,4.72,7.87,6.7,,
6.46,4.86,-,-,AXA,AXA Asia Pacific,6.42,-,-,-,-,18.50,,1.58,1.01,2.88,29.19,22.0,,
.046,.017,-,-,AXI,Axiom Prop,.037,-,-,.037,.039,-,,-,.05,-,-1.96,-,,
13.03,9.16,9.95,9.76,BOQ,Bank of Qld,9.95,+20,3967,9.91,9.95,52.00,f,1.55,7.55,5.23,80.60,12.3,,
.045,.01,-,-,BBX,BBX Hldgs,.041,-,-,.041,.07,-,,-,.01,-,4.77,.9,,
.09,.036,.04,.039,BEC,Becton Property stp,.04,+.1,7033,.039,.04,-,,-,-,-,-44.53,-,,
1.22,.78,.92,.91,BFG,Bell Financial Grp,.91,-1,10456,.90,.92,6.50,f,1.34,.19,7.14,8.70,10.5,,
10.45,7.72,9.52,9.22,BEN,Bendigo & Adelaide,9.44,+24,11102,9.42,9.48,60.00,f,1.41,5.44,6.36,84.40,11.2,,
.052,.021,.032,.03,BLT,Benitec,.031,+.3,6400,.031,.032,-,,-,-,-,-1.21,-,,
.037,.005,-,-,BLTO,  opt apr14,.008,-,-,.008,.022,-,,-,-,-,-,-,,
.29,.22,.245,.24,BEL,Bentley Capital,.245,-,184,.245,.25,2.00,f,.30,.44,8.16,.61,40.2,,
.60,.405,-,-,BER,Berklee,.53,-,-,.53,.54,2.00,,-,1.23,3.77,-.50,-,,
8.51,7.81,8.23,8.23,QFN,BetaShares ASX Fin etf unt,8.23,+4,12,8.27,8.32,-,,-,-,-,-,-,,
8.25,7.41,-,-,QRE,BetaShares ASX Res etf unt,8.05,-,-,8.16,8.19,-,,-,-,-,-,-,,
10.25,9.69,9.75,9.69,USD,Betashares Us Dollar etf unt,9.70,-6,1236,9.69,9.70,-,,-,-,-,-,-,,
.80,.62,-,-,BYI,Beyond Int'l,.73,-,-,.70,.73,6.00,,1.51,.47,8.22,9.04,8.1,,
.006,.001,-,-,BSI,Beyond Sportswear,.001,-,-,.001,.002,-,,-,-.01,-,.07,1.4,,
.22,.15,.19,.185,BGL,BigAir Grp,.185,-.5,11976,.185,.19,-,,-,.03,-,1.65,11.2,,
12.32,7.27,7.65,7.54,BBG,Billabong Int'l,7.59,-6,6694,7.57,7.61,34.00,p,1.56,-.44,4.48,53.20,14.3,,
.20,.08,-,-,BDM,BioDiem,.18,-,-,.18,.20,-,,-,.04,-,-3.07,-,,
.006,.006,-,-,BDMO,  opt may12,.006,-,-,.011,-,-,,-,-,-,-,-,,
.095,.02,.055,.055,BOD,bioMD,.055,-,370,.051,.055,-,,-,.01,-,-.71,-,,
.05,.003,-,-,BODOA,  opt dec11,.015,-,-,.012,.015,-,,-,-,-,-,-,,
1.54,1.20,1.37,1.37,BNC,Bioniche cdi,1.37,+2,139,1.37,1.44,-,,-,-,-,-,-,,
.535,.24,.535,.48,BNO,Bionomics,.51,+8,32526,.485,.51,-,,-,.04,-,-2.70,-,,
.023,.006,.016,.015,BPO,BioProspect,.016,+.1,7833,.016,.017,-,,-,-,-,-.67,-,,
.007,.001,-,-,BPOO,  opt dec13,.004,-,-,.003,.005,-,,-,-,-,-,-,,
2.34,.85,1.015,.98,BTA,Biota Hldgs,1.00,+1.5,7420,.995,1.005,-,,-,.47,-,-18.70,-,,
.26,.12,-,-,BTC,Biotech Capital,.16,-,-,.125,.15,2.00,,-,.20,12.50,-8.60,-,,
.15,.051,.115,.11,BIT,Biotron,.115,-,1634,.105,.115,-,,-,-,-,-1.73,-,,
.045,.007,.027,.027,BITO,  opt dec11,.027,-,1266,.025,.031,-,,-,-,-,-,-,,
.25,.135,.14,.135,BIS,Bisalloy Steel,.14,+.5,1316,.14,.145,-,,-,.04,-,1.80,7.8,,
.049,.025,-,-,BSN,Bisan,.025,-,-,.027,.035,-,,-,.02,-,-.79,-,,
1.30,1.086,1.245,1.23,BKI,BKI Invest,1.23,+1,1855,1.23,1.245,5.75,f,1.13,1.42,4.67,6.50,18.9,,
.013,.004,.007,.007,BKM,BKM Management,.007,+.1,2000,.006,.007,-,,-,-,-,-.15,-,,
32.10,20.60,29.50,29.33,BKL,Blackmores,29.50,+20,13,29.42,29.70,114.00,f,1.35,4.11,3.86,154.40,19.1,,
.035,.015,-,-,BIV,Blue Capital,.021,-,-,.022,.025,-,,-,.04,-,.33,6.4,,
3.02,1.83,2.01,1.965,BSL,BlueScope Steel,1.975,+1.5,169616,1.975,1.98,7.00,f,.78,2.47,3.54,5.47,36.1,,
.20,.082,.16,.16,BLG,BluGlass,.16,-.5,510,.16,.165,-,,-,.04,-,-2.20,-,,
4.93,2.43,4.62,4.47,BLY,Boart Longyear,4.61,+16,36026,4.58,4.62,5.63,p,3.23,1.42,1.22,18.20,25.3,,
.15,.03,.036,.035,BNE,Bone Medical,.036,+.3,320,.036,.047,-,,-,-.02,-,-1.55,-,,
.545,.21,.385,.375,BOL,Boom Logistics,.385,+.5,2669,.38,.385,-,,-,.54,-,2.50,15.4,,
5.98,4.15,5.07,5.00,BLD,Boral,5.02,-1,39118,5.02,5.04,14.00,f,-,3.89,2.79,-13.60,-,,
.21,.04,.053,.052,BPH,BPH Corp,.052,-.3,2958,.055,.057,-,,-,.02,-,.31,16.8,,
.09,.003,.003,.003,BPHO,  opt dec11,.003,-.7,44,.004,.03,-,,-,-,-,-,-,,
9.60,6.50,7.93,7.62,BKN,Bradken,7.84,+35,10606,7.83,7.86,39.50,f,1.34,2.02,5.04,52.80,14.8,,
.38,.19,.36,.36,BRC,Brain Resource,.36,-.5,314,.345,.365,-,,-,-.04,-,2.20,16.4,,
7.64,5.11,7.12,6.83,BXB,Brambles,7.09,+19,106602,7.07,7.10,25.50,p,1.40,8.25,3.60,35.59,19.9,,
.04,.015,-,-,BNV,Brand New Vintage,.017,-,-,.012,.04,-,,-,.02,-,-.28,-,,
.26,.085,.17,.155,BVA,Bravura Solutions,.17,-3,29439,.165,.17,-,,-,-.01,-,-1.86,-,,
.012,.004,-,-,BPK,Bremer Park,.011,-,-,.008,.03,-,,-,-.02,-,-2.13,-,,
3.65,1.85,3.53,3.49,BRG,Breville Grp,3.49,+2,87,3.45,3.55,14.50,p,1.50,.68,4.15,21.71,16.1,,
13.55,10.20,10.96,10.85,BKW,Brickworks,10.88,+8,691,10.87,10.90,40.50,f,2.80,9.48,3.72,113.30,9.6,,
.43,.225,.315,.315,BYL,Brierty,.315,-,192,.315,.32,1.50,f,2.82,.36,4.76,4.23,7.4,,
.40,.26,.38,.35,BBL,Brisbane Broncos,.35,+1,65,.35,.35,.50,f,2.00,.12,1.43,1.00,35.0,,
1.28,.78,-,-,BCS,BrisConnection Tr stp,.80,-,-,.81,.875,-,,-,-.66,-,19.05,4.2,,
.007,.002,-,-,BRO,Broad Invest,.003,-,-,.003,.004,-,,-,-,-,-.09,-,,
.10,.038,.049,.049,BAO,Brookfield Aust Opp unt,.049,-,247,.049,.05,-,,-,.13,-,-1.21,-,,
1.50,.001,1.25,1.25,BPACB,Brookfield ctg,1.25,-,15,1.25,1.45,-,,-,2.66,-,93.31,1.3,,
.33,.175,.26,.245,BSA,BSA,.26,+1.5,1233,.25,.26,2.00,f,2.63,.05,7.69,5.26,4.9,,
3.00,2.081,2.75,2.67,BTT,BT Invest Mgt,2.68,-6,130,2.69,2.74,15.50,f,.98,.34,5.78,15.24,17.6,,
.247,.125,.13,.125,BUG,Buderim Ginger,.125,-.5,345,.125,.13,-,,-,.59,-,-4.80,-,,
2.066,1.68,1.725,1.71,BWP,Bunnings W'house unt,1.72,+1,12422,1.71,1.725,12.16,,2.05,1.96,7.07,24.97,6.9,,
.005,.002,.003,.003,BPG,Byte Power Grp,.003,-,24733,.003,.004,-,,-,-,-,-.11,-,,
.053,.007,.031,.028,CEO,C @ Limited,.03,-.1,48173,.03,.031,-,,-,-,-,-.33,-,,
.04,.002,.019,.019,CEOO,  opt apr12,.019,-.3,2500,.019,.021,-,,-,-,-,-,-,,
6.38,4.25,5.61,5.36,CAB,Cabcharge Aust,5.53,+12,2800,5.45,5.53,27.00,f,1.36,-,4.88,36.70,15.1,,
.285,.02,.21,.20,CBS,Cabral Res Ltd,.20,-,3582,.195,.205,-,,-,.02,-,-.56,-,,
1.16,.70,1.105,1.105,CDM,Cadence Capital,1.105,-,20,1.105,1.12,5.00,f,3.84,1.36,4.52,19.20,5.8,,
.28,.21,.23,.23,CIX,Calliden Grp,.23,-,2230,.23,.24,1.00,f,4.45,.23,4.35,4.45,5.2,,
16.44,8.95,15.68,15.42,CTX,Caltex Aust,15.68,+12,11080,15.52,15.73,60.00,f,1.96,11.08,3.83,117.40,13.4,,
.052,.022,.045,.041,CZD,Calzada,.045,+.5,5929,.044,.045,-,,-,.03,-,-.88,-,,
46.67,26.50,46.67,45.93,CPB,Campbell Brothers,46.51,+64,1232,45.85,46.64,120.00,p,1.37,4.40,2.58,164.41,28.3,,
.09,.06,-,-,CDL,Canada Land cdi,.06,-,-,.06,.08,.60,,2.22,.21,10.00,1.33,4.5,,
.071,.025,.047,.045,CAJ,Capitol Health,.045,-.2,1500,.044,.047,-,,-,-,-,.47,9.6,,
.013,.007,-,-,CAJO,  opt apr12,.008,-,-,.005,.01,-,,-,-,-,-,-,,
.355,.12,.34,.315,CAA,Capral,.33,-1,30347,.33,.34,-,,-,.41,-,1.70,19.4,,
.38,.05,.30,.30,CPZ,CAR Park Tech Ltd,.30,-,225,.30,.305,-,,-,.13,-,.95,31.6,,
.25,.081,-,-,CCF,Carbon Conscious,.175,-,-,.17,.18,-,,-,.10,-,2.21,7.9,,
.025,.011,.015,.013,CNN,Cardia Bioplastics,.015,-,4600,.014,.015,-,,-,.01,-,-.45,-,,
.004,.001,-,-,CNNO,  opt jun11,.001,-,-,-,.001,-,,-,-,-,-,-,,
6.31,3.268,5.79,5.72,CDD,Cardno,5.76,+11,943,5.69,5.80,32.00,p,1.75,.27,5.56,55.89,10.3,,
.19,.115,-,-,CGR,Careers Multilist,.135,-,-,.10,.13,1.00,f,.76,-,7.41,.76,17.8,,
4.43,4.03,4.34,4.32,CDP,Carindale Prop unt,4.32,-1,143,4.31,4.35,28.07,p,1.11,5.59,6.50,31.21,13.8,,
18.39,16.00,-,-,CIN,Carlton Invest,17.12,-,-,17.15,17.49,70.00,f,1.53,22.10,4.09,107.00,16.0,,
2.12,1.982,-,-,CINPA,  7% cum pf,2.12,-,-,2.12,-,14.00,,-,-,6.60,-,-,,
.15,.077,.105,.10,CWE,Carnegie Wave Energy,.10,-.5,1715,.10,.105,-,,-,.01,-,-.88,-,,
5.69,4.40,5.35,5.24,CRZ,carsales.com,5.29,+7,17336,5.22,5.34,17.70,f,1.25,.09,3.35,22.20,23.8,,
.91,.50,.83,.81,CCV,Cash Convert ord/div,.825,+.5,3964,.82,.83,3.25,f,2.12,.20,3.94,6.90,12.0,,
.32,.15,-,-,CXD,CathRx,.20,-,-,.16,.20,-,,-,.08,-,-7.00,-,,
.175,.096,.14,.135,CBD,CBD Energy,.135,-.5,1642,.135,.14,-,,-,.05,-,5.18,2.6,,
.80,.137,.67,.62,CBZ,CBio,.65,-1,4297,.64,.65,-,,-,-.03,-,-8.35,-,,
.10,.05,-,-,CCK,CCK Financial,.05,-,-,.032,.05,-,,-,.01,-,-2.92,-,,
5.15,2.14,4.90,4.87,CWP,Cedar Woods Prop,4.89,+8,493,4.88,4.89,19.00,f,2.73,2.12,3.89,51.90,9.4,,
.19,.072,.092,.089,CAQ,Cell Aquaculture,.089,-,1768,.086,.089,-,,-,.01,-,-.73,-,,
3.25,2.16,2.98,2.91,CST,Cellestis,2.98,+13,654,2.86,2.98,5.50,f,1.75,.29,1.85,9.60,31.0,,
.105,.019,-,-,CDY,Cellmid,.025,-,-,.024,.025,-,,-,.01,-,-.40,-,,
.37,.30,.345,.33,CLT,Cellnet Grp,.33,-1.5,483,.33,.37,1.00,f,2.84,.43,3.03,2.84,11.6,,
1.79,1.235,1.695,1.635,CIL,Centrebet Int'l,1.67,+2,2053,1.67,1.68,10.00,f,1.16,.09,5.99,11.60,14.4,,
1.409,.735,1.15,1.15,CAF,Centrepoint Alliance,1.15,-4.5,461,1.15,1.195,-,,-,.38,-,-11.63,-,,
.27,.053,.061,.059,CNP,Centro Properties stp,.061,+.1,51922,.06,.061,-,,-,-2.43,-,-3.40,-,,
.39,.145,.355,.345,CER,Centro Retail stp,.35,+.5,139777,.35,.355,-,,-,.41,-,9.17,3.8,,
.74,.47,.62,.61,CNI,Centuria Capital,.61,-,301,.61,.63,5.00,p,.16,.50,8.20,.80,76.3,,
.822,.687,.745,.725,CYA,Century Aust,.73,-.5,8225,.725,.735,5.00,,.94,.88,6.85,4.69,15.6,,
.238,.115,.125,.12,CFU,Ceramic Fuel Cells,.12,-.5,12851,.12,.125,-,,-,.04,-,-1.67,-,,
.03,.012,.018,.016,CVS,Cervantes Corp,.016,-.2,2000,.016,.02,-,,-,-,-,-.07,-,,
2.03,1.74,1.855,1.83,CFX,CFS Retail Prop unt,1.84,-,208421,1.84,1.845,12.60,p,1.74,2.05,6.85,21.88,8.4,,
.58,.465,.495,.49,CDI,Challenger Div Pro stp,.49,-.5,3105,.49,.50,4.15,,1.69,.67,8.47,7.00,7.0,,
1.54,1.055,1.18,1.14,CIF,Challenger Infra stp,1.15,-2,804,1.15,1.175,14.00,,-,-1.68,12.17,-13.30,-,,
5.21,3.24,5.03,4.94,CGF,Challenger FSG,4.98,+1,19239,4.95,5.00,15.50,,3.01,2.52,3.11,46.70,10.7,,
3.038,2.485,-,-,CHR,Chalmers,3.30,-,-,3.00,3.50,18.00,f,3.01,4.71,5.45,54.16,6.1,,
.57,.23,.535,.52,CMG,Chandler Macleod,.52,-1.5,1032,.52,.535,1.80,f,1.79,-.03,3.46,3.23,16.1,,
.02,.012,-,-,CHP,Chapmans,.016,-,-,.014,.017,-,,-,.02,-,-.20,-,,
3.16,2.06,2.52,2.47,CHC,Charter Hall Grp forus,2.48,+3,6474,2.46,2.50,14.40,,3.73,2.21,5.81,53.70,4.6,,
3.35,2.25,3.32,3.25,CQO,Charter Hall Off REIT unt,3.30,+4,62170,3.26,3.32,17.75,,.04,3.96,5.38,.78,423.1,,
3.33,2.35,3.19,3.13,CQR,Charter Hall Ret REIT unt,3.17,+2,12207,3.15,3.19,23.50,,.58,3.51,7.41,13.70,23.1,,
.155,.037,.09,.086,CHF,Charter Pacific,.09,-,2220,.085,.10,-,,-,.07,-,-6.14,-,,
.685,.28,.675,.635,CXS,ChemGenex Pharma,.65,-2.5,114893,.645,.655,-,,-,.02,-,-6.65,-,,
.18,.03,.035,.03,CXSOA,  opt feb12,.035,-,969,.035,.045,-,,-,-,-,-,-,,
.09,.047,-,-,CCY,China Century Capitl,.059,-,-,.051,.059,-,,-,.01,-,-2.02,-,,
.012,.003,.012,.01,CDH,ChongHerr Invest,.012,+.1,2000,.004,.012,-,,-,.04,-,.14,8.6,,
.88,.47,-,-,CII,CI Res,.50,-,-,.50,.65,2.00,,.85,1.05,4.00,1.71,29.2,,
.70,.45,.61,.61,CNB,CIC Aust,.61,-,50,.60,.62,4.00,f,2.04,.65,6.56,8.18,7.5,,
.77,.50,.70,.70,CIR,Circadian Tech,.70,-.5,100,.70,.705,-,,-,.57,-,-18.09,-,,
1.015,.60,.65,.65,CLS,CL Asset Hldgs,.65,-10,35,.65,.73,-,,-,4.35,-,4.47,14.5,,
.81,.55,.72,.70,CND,Clarius Grp,.70,-1,128,.70,.71,4.00,f,1.30,.42,5.71,5.21,13.4,,
.185,.082,.15,.145,CSS,Clean Seas Tuna,.145,-.5,4532,.145,.15,-,,-,.15,-,-.96,-,,
.375,.035,-,-,CLQ,Clean TeQ Hldgs,.037,-,-,.038,.041,-,,-,.01,-,-1.46,-,,
.565,.39,.545,.52,CVW,Clearview Wealth,.52,-2.5,557,.52,.545,-,,-,.44,-,5.51,9.4,,
1.055,.862,1.05,1.045,CAM,Clime Capital,1.045,-,705,1.045,1.05,4.00,f,.81,1.36,3.83,3.23,32.4,,
.49,.40,.47,.47,CIW,Clime Invest,.47,-1,80,.47,.48,1.25,,2.24,.42,2.66,2.80,16.8,,
2.70,1.62,1.915,1.85,CUV,Clinuvel Pharmac,1.90,+2,186,1.85,1.915,-,,-,.73,-,-18.30,-,,
.935,.595,.865,.84,CLO,Clough,.845,-.5,3428,.84,.865,2.20,,2.35,-,2.60,5.17,16.3,,
.43,.21,.29,.29,CLV,Clover Corp,.29,-2,1467,.29,.295,1.25,,-,.14,4.31,-.57,-,,
1.30,.60,-,-,CMI,CMI,.85,-,-,.85,.90,-,,-,1.48,-,5.12,16.6,,
.25,.105,.15,.135,COZ,CO2 Grp,.14,+.5,3544,.14,.17,-,,-,.11,-,-1.36,-,,
.10,.011,.042,.042,COZO,  opt nov11,.042,-,3000,.042,.045,-,,-,-,-,-,-,,
12.74,10.67,11.97,11.62,CCL,Coca-Cola Amatil,11.86,+33,29777,11.84,11.95,48.50,f,1.36,1.64,4.09,66.00,18.0,,
83.20,66.49,82.00,80.04,COH,Cochlear,82.00,+131,1708,81.84,82.15,210.00,p,1.41,4.98,2.56,296.00,27.7,,
1.83,1.15,1.51,1.47,CDA,Codan,1.47,-1,742,1.47,1.50,8.50,f,1.07,.04,5.78,9.10,16.2,,
1.855,.67,.71,.68,COF,Coffey Int'l,.71,+1.5,2165,.70,.71,3.50,,-,-.23,4.93,-1.50,-,,
.315,.18,-,-,CGS,CogState,.18,-,-,.18,.25,-,,-,.09,-,.33,54.5,,
.75,.195,.52,.515,CKA,Cokal Ltd,.52,-1,650,.505,.515,-,,-,-,-,-1.59,-,,
.46,.08,-,-,CKAO,  opt feb12,.30,-,-,.25,.33,-,,-,-,-,-,-,,
.84,.615,.78,.74,CLH,Collection House,.74,+1,2430,.74,.765,6.10,f,1.44,.90,8.24,8.80,8.4,,
.705,.412,.70,.68,CKL,Colorpak,.68,-2,560,.68,.70,3.25,f,2.07,.19,4.78,6.73,10.1,,
60.00,47.05,52.70,51.74,CBA,C'wlth Bank  of Aust,52.53,+69,40447,52.51,52.55,302.00,f,1.16,-,5.75,350.70,15.0,,
1.002,.81,.87,.86,CPA,C'wlth Prop Office ord unt,.865,+.5,130960,.86,.87,5.65,,1.76,1.10,6.53,9.97,8.7,,
.007,.003,-,-,COJ,CommStrat,.005,-,-,.005,.01,-,,-,-,-,-.05,-,,
.11,.036,.038,.038,COM,ComOps,.038,-,120,.038,.043,-,,-,-.01,-,1.30,2.9,,
.03,.012,-,-,CXH,Compass Hotel stp,.015,-,-,-,-,-,,-,.01,-,-18.87,-,,
.20,.105,.12,.11,CMP,Compumedics,.11,-1,50,.11,.135,-,,-,.04,-,-.62,-,,
12.90,8.70,9.24,9.13,CPU,Computershare,9.20,+5,28488,9.16,9.21,28.00,p,1.74,-1.27,3.04,48.85,18.8,,
.48,.355,.45,.44,CEU,ConnectEast stp,.45,+.5,102668,.445,.45,2.00,,-,-,4.44,-.25,-,,
.057,.009,-,-,CXN,Connxion Ventures,.009,-,-,-,-,-,,-,-,-,-2.30,-,,
.075,.03,-,-,CGI,Consolidated Global,.045,-,-,.04,.045,-,,-,-,-,.12,37.5,,
3.43,2.63,2.83,2.78,CMJ,Consolidated Media,2.80,+1,2982,2.78,2.83,16.50,,1.01,.59,5.89,16.64,16.8,,
.85,.615,-,-,CCQ,Contango Capital,.755,-,-,.73,.755,6.50,f,1.99,1.73,8.61,12.91,5.8,,
1.395,.735,1.275,1.25,CTN,Contango Microcap,1.26,+1,983,1.26,1.275,8.20,f,2.22,1.75,6.51,18.20,6.9,,
.12,.06,-,-,CNR,Coonawarra Aust unt,.065,-,-,.06,.09,-,,-,.35,-,-15.57,-,,
.534,.205,-,-,CBB,CordLife,.25,-,-,.25,.30,-,,-,.27,-,.75,33.3,,
.29,.13,.19,.185,CKK,Coretrack,.185,-.5,2674,.185,.19,-,,-,.09,-,-4.50,-,,
.12,.048,.09,.085,CKKOA,  opt nov12,.085,-.5,2000,.085,.12,-,,-,-,-,-,-,,
2.00,1.43,1.81,1.78,CTD,Corporate Travel,1.81,-,490,1.79,1.81,-,,-,.44,-,6.30,28.7,,
.039,.016,-,-,COO,Corum Grp,.02,-,-,.02,.025,-,,-,-.04,-,1.02,2.0,,
.14,.013,.025,.015,CXY,Cougar Energy,.022,+.7,1203027,.021,.022,-,,-,.01,-,-3.69,-,,
1.41,1.055,1.25,1.225,COU,Count Financial,1.25,-,981,1.24,1.25,6.00,f,3.40,.40,4.80,20.39,6.1,,
1.695,1.37,1.40,1.40,CUP,Countplus,1.40,+2,10,1.35,1.40,-,f,-,-,-,-,-,,
3.72,3.496,-,-,CTY,Country Road,3.70,-,-,3.53,3.70,9.26,f,1.99,1.04,2.50,18.42,20.1,,
2.59,1.745,1.85,1.82,CYG,Coventry Grp,1.85,+5,92,1.80,1.85,14.00,f,-,3.34,7.57,-38.80,-,,
.465,.20,.46,.455,CPI,CPI Grp,.46,+1,1955,.46,.47,-,,-,.85,-,-2.50,-,,
.65,.41,.63,.63,CGO,CPT Global,.63,-2,8,.55,.625,1.50,f,-,.16,2.38,-4.54,-,,
10.28,6.761,10.28,10.16,CRG,Crane Grp,10.23,+1,3347,10.18,10.29,44.00,f,1.01,4.36,4.30,44.40,23.0,,
5.75,2.24,5.74,5.64,CCP,Credit Corp Grp,5.65,+5,926,5.59,5.71,15.00,f,2.57,2.17,2.65,38.58,14.6,,
.975,.93,.965,.965,CSW,Credit Suisse PL100 unt,.965,-,200,.965,-,1.33,,-,.97,1.38,-5.35,-,,
.795,.65,.71,.695,CMW,Cromwell Grp stp,.695,-,4302,.695,.70,7.25,,.70,.70,10.43,5.10,13.6,,
8.94,7.41,8.14,8.01,CWN,Crown,8.03,-3,10184,8.02,8.10,37.00,p,1.18,3.18,4.61,43.53,18.4,,
.125,.098,.11,.10,CTE,Cryosite,.10,-,150,.07,.10,-,,-,.10,-,.31,32.3,,
1.00,.94,-,-,CSJ,CS GP100 Aust Tr unt,.95,-,-,-,.98,2.65,p,-,.95,2.79,-.63,-,,
.925,.90,-,-,CSU,CS100 Emrg Mkt Infr unt,.92,-,-,.92,.93,1.42,,-,.92,1.54,-1.19,-,,
2.30,.95,1.45,1.35,CSV,CSG,1.37,+1,17230,1.365,1.40,5.50,f,3.02,-,4.01,16.59,8.3,,
38.07,30.45,35.42,34.75,CSL,CSL,35.40,+66,14406,35.20,35.40,80.00,,2.14,5.54,2.26,170.88,20.7,,
3.895,3.12,3.33,3.28,CSR,CSR,3.31,-1,34045,3.28,3.31,9.00,f,.90,1.00,2.72,8.10,40.9,,
1.22,.750,-,-,CLX,CTI Logistics,1.16,-,-,1.165,1.30,6.00,f,2.23,.63,5.17,13.36,8.7,,
3.105,1.375,1.45,1.41,CUS,Customers,1.445,-3.5,223,1.445,1.45,11.00,,1.29,.08,7.61,14.17,10.2,,
.975,.75,-,-,CVC,CVC,.89,-,-,.87,.89,5.00,f,3.00,1.27,5.62,15.01,5.9,,
.02,.005,-,-,CJT,CVC Prop Fund unt,.01,-,-,.011,.02,-,,-,.02,-,-2.24,-,,
.125,.049,-,-,CYC,Cyclopharm,.055,-,-,.049,.055,-,,-,.07,-,.26,21.2,,
16.38,7.72,15.43,15.30,DTL,Data#3,15.30,-10,121,15.30,15.38,71.00,f,1.29,1.58,4.64,91.79,16.7,,
.06,.025,.043,.043,DDT,DataDot Tech,.043,-,4000,.041,.043,-,,-,.01,-,.23,18.7,,
.005,.001,.002,.002,DMN,DataMotion Asia,.002,-,20000,.002,.003,-,,-,-,-,-.03,-,,
.001,.001,-,-,DMNOA,  opt may13,.001,-,-,-,.001,-,,-,-,-,-,-,,
.002,.001,-,-,DMNOC,  opt mar13,.001,-,-,-,.001,-,,-,-,-,-,-,,
.15,.07,.07,.07,DSQ,Datasquirt,.07,-1,260,.07,.11,-,,-,.03,-,-2.70,-,,
.57,.255,.56,.56,DTG,Daton Grp,.56,-,18,.55,.56,-,,-,-,-,-,-,,
5.29,4.10,4.75,4.70,DJS,David Jones,4.75,+4,14558,4.72,4.75,31.00,f,1.12,1.32,6.53,34.80,13.6,,
3.47,1.24,3.45,3.34,DCG,Decmil Grp,3.43,+12,4966,3.42,3.43,-,,-,.45,-,10.39,33.0,,
.022,.008,.017,.017,DLC,Delecta,.017,-.1,3,.017,.018,-,,-,.02,-,-.44,-,,
.011,.002,.01,.01,DLCO,  opt dec11,.01,-,10000,.009,.01,-,,-,-,-,-,-,,
.64,.49,-,-,DGH,Desane Grp Hldgs,.64,-,-,.57,.64,2.00,,3.36,.82,3.13,6.73,9.5,,
.34,.22,.275,.265,DVN,Devine,.27,-,1359,.265,.28,2.00,f,1.46,.53,7.41,2.91,9.3,,
.905,.715,.86,.845,DXS,DEXUS Prop Grp stp,.85,-,219022,.845,.85,5.04,,1.79,.98,5.93,9.01,9.4,,
.25,.19,-,-,DDR,Dicker Data,.19,-,-,.17,.20,-,,-,-,-,-,-,,
.25,.065,.145,.14,DGI,Digislide Hldgs,.14,-1,236,.11,.145,-,,-,-,-,-4.00,-,,
.03,.015,-,-,DIG,Digital Perf Grp,.019,-,-,.019,.02,-,,-,-.02,-,.21,9.0,,
.50,.15,.18,.18,DGX,Diploma Grp,.18,-,28,.18,.185,2.00,f,1.55,.18,11.11,3.11,5.8,,
.12,.055,-,-,DVA,Diversa,.064,-,-,.065,.079,-,,-,-,-,-3.30,-,,
3.53,2.71,2.90,2.90,DUI,Diversified United Inv,2.90,+1,99,2.86,2.96,13.00,f,.98,3.20,4.48,12.80,22.7,,
4.50,3.75,4.18,4.12,DJW,Djerriwarrh Invest,4.18,+5,1143,4.13,4.18,26.00,f,.64,3.70,6.22,16.61,25.2,,
.785,.505,-,-,DKN,DKN Financial Grp,.60,-,-,.545,.60,4.50,,1.10,.09,7.50,4.94,12.1,,
.30,.185,-,-,DMX,Dolomatrix Int'l,.20,-,-,.205,.24,1.00,,2.69,.13,5.00,2.69,7.4,,
6.68,4.870,6.40,6.20,DMP,Domino's Pizza,6.25,-10,177,6.23,6.35,18.80,f,1.51,.68,3.01,28.30,22.1,,
7.388,3.216,3.82,3.76,DOW,Downer EDI,3.78,-4,15974,3.75,3.80,16.00,,-,1.50,4.23,-55.60,-,,
.355,.145,.145,.145,DLE,Dragon Energy,.145,-3.5,495,.145,.17,-,,-,-,-,-.79,-,,
.02,.02,-,-,DLEO,  opt nov14,.02,-,-,.02,-,-,,-,-,-,-,-,,
.039,.01,-,-,DMY,Dromana Estate,.01,-,-,.006,.008,-,,-,-,-,.67,1.5,,
1.845,1.455,1.665,1.63,DUE,DUET Grp forus,1.665,+3,26507,1.64,1.665,20.00,p,.56,-,12.01,11.30,14.7,,
.045,.027,-,-,DUL,Dulhunty Power,.036,-,-,.036,.039,-,,-,.03,-,-.25,-,,
2.84,2.41,2.73,2.68,DLX,DuluxGroup,2.70,+3,9064,2.67,2.72,-,f,-,-,-,-,-,,
1.719,1.113,1.435,1.40,DWS,DWS Advanced,1.415,-1,844,1.415,1.435,11.25,f,1.22,.23,7.95,13.78,10.3,,
1.41,.525,.76,.685,DYE,Dyesol,.715,+7,7184,.715,.735,-,,-,.06,-,-12.25,-,,
.34,.17,-,-,EAL,E & A,.205,-,-,.205,.23,1.50,,.09,-.03,7.32,.13,157.7,,
.097,.025,.051,.033,EMS,Eastland Medical,.037,+.7,884342,.037,.038,-,,-,-,-,-1.53,-,,
.016,.001,-,-,EMSO,  opt may11,.001,-,-,.001,.002,-,,-,-,-,-,-,,
.035,.004,.01,.007,EMSOB,  opt jun11,.01,-,6000,.004,.009,-,,-,-,-,-,-,,
.096,.06,-,-,EBT,eBet,.061,-,-,.064,.07,-,,-,-,-,.87,7.0,,
.125,.05,.056,.054,ECQ,ECO Quest,.054,-,3766,.053,.054,-,,-,.01,-,-2.38,-,,
.028,.006,-,-,ECS,ECSI,.011,-,-,.009,.012,-,,-,-,-,-.37,-,,
.08,.048,.079,.078,EDT,EDT Retail Trust unt,.079,+.1,830122,.078,.08,-,,-,.12,-,-.31,-,,
.022,.008,-,-,EFT,EFTEL,.012,-,-,.01,.013,-,,-,-.01,-,-.72,-,,
.002,.001,-,-,EIM,EL Corp,.002,-,-,.004,-,-,,-,-,-,-.51,-,,
1.41,.315,.495,.47,ELD,Elders,.49,+2.5,32795,.485,.49,-,,-,1.31,-,-51.10,-,,
1.62,.865,1.15,1.15,EOS,Electro Optic Sys,1.15,-1,44,1.15,1.185,-,,-,.21,-,5.60,20.5,,
.027,.010,.017,.017,EMM,Electrometals Tech,.017,-,150,.017,.019,-,,-,.01,-,-1.08,-,,
.001,.001,-,-,EMMO,  opt apr11,.001,-,-,-,.001,-,,-,-,-,-,-,,
.365,.11,-,-,ELX,Ellex Medical Lasers,.17,-,-,.17,.18,-,,-,.23,-,3.71,4.6,,
5.66,4.41,-,-,EMB,Embelton,5.35,-,-,5.36,6.00,26.50,f,2.51,4.57,4.95,66.40,8.1,,
1.225,.431,1.22,1.19,EHL,Emeco Hldgs,1.20,-,72302,1.195,1.21,4.00,f,-,.71,3.33,-3.76,-,,
1.045,.70,.945,.945,ELI,Emerging Leaders,.945,-,418,.93,.945,8.25,f,1.20,1.14,8.73,9.94,9.5,,
.145,.055,-,-,ESW,Emerson Stewart Grp,.064,-,-,.055,.06,-,,-,.09,-,-.57,-,,
.235,.075,-,-,EPD,Empired,.205,-,-,.205,.25,.25,,1.28,.05,1.22,.32,64.1,,
.233,.05,-,-,ENB,Eneabba Gas,.069,-,-,.061,.07,-,,-,.04,-,-2.06,-,,
.06,.018,-,-,ENBOB,  opt jun12,.018,-,-,.005,.018,-,,-,-,-,-,-,,
.01,.007,-,-,ENBOC,  opt jun13,.007,-,-,.003,.02,-,,-,-,-,-,-,,
.073,.006,.042,.039,EIO,Energio,.041,-,169110,.039,.041,-,,-,-,-,-.07,-,,
.011,.001,-,-,EIOO,  opt mar13,.011,-,-,.001,.01,-,,-,-,-,-,-,,
3.06,2.37,2.60,2.60,ENE,Energy Developments,2.60,-,270,2.60,2.70,-,,-,1.57,-,-16.30,-,,
.19,.10,-,-,EOL,Energy One,.13,-,-,.13,.15,-,,-,.16,-,-3.06,-,,
.29,.016,.165,.15,EVE,Energy Ventures,.155,-,5774,.15,.16,-,,-,.04,-,6.37,2.4,,
.058,.013,.021,.021,ERJ,Enerji,.021,-,5992,.02,.022,-,,-,.01,-,-1.38,-,,
.025,.004,-,-,ERJO,  opt dec16,.007,-,-,.007,.01,-,,-,-,-,-,-,,
.199,.115,.12,.115,EGN,Engenco,.115,-.5,31668,.115,.12,-,,-,.08,-,-64.82,-,,
.70,.30,.54,.54,ENG,engin,.54,-,2,.54,.65,-,,-,.22,-,.70,77.1,,
.053,.016,.018,.017,ESI,ENV Clean Tech,.018,-.1,6163,.018,.019,-,,-,-,-,-.50,-,,
.036,.008,-,-,ESIO,  opt jan14,.009,-,-,.008,.009,-,,-,-,-,-,-,,
.64,.48,.60,.59,ENV,Envestra,.60,+.5,17352,.595,.60,5.50,,.53,-.05,9.17,2.90,20.7,,
.079,.017,.04,.039,EVM,EnviroMission,.039,-.1,400,.039,.04,-,,-,-.01,-,-1.41,-,,
.159,.038,.07,.07,EGL,Environment Grp,.07,-,121,.07,.082,-,,-,.06,-,-1.12,-,,
.232,.09,.125,.125,EPY,E-Pay Asia,.125,-,270,.12,.15,-,,-,.27,-,4.67,2.7,,
.26,.19,.21,.21,EQF,Equities & Freeholds,.21,-,1000,.21,.22,-,,-,.06,-,-14.27,-,,
17.50,14.65,16.09,15.95,EQT,Equity Trustees,16.08,+13,57,15.90,16.08,110.00,f,.87,1.37,6.84,96.22,16.7,,
2.03,1.62,1.71,1.695,EPW,ERM Power,1.70,+1,396,1.69,1.70,-,,-,1.21,-,-5.70,-,,
.71,.42,.67,.67,ESV,eServGlobal,.67,-,40,.67,.68,-,,-,.47,-,16.50,4.1,,
.63,.134,-,-,ESS,Essa Aust,.59,-,-,-,-,1.75,,4.17,.38,2.97,7.29,8.1,,
37.49,18.92,36.75,35.53,ETPMAG,ETFS Physical Silver,35.60,-90,136,35.51,35.63,-,,-,-,-,-,-,,
83.68,49.18,72.50,72.50,ETPMPD,ETFS Physical Palladium,72.50,+41,3,63.00,84.08,-,,-,-,-,-,-,,
141.96,97.58,-,-,ETPMPM,ETFS Precious PM Basket,136.02,-,-,114.61,136.00,-,,-,-,-,-,-,,
193.60,161.82,-,-,ETPMPT,ETFS Physical Platinum,168.00,-,-,168.00,186.27,-,,-,-,-,-,-,,
1.71,1.25,1.59,1.55,EPX,Ethane Pipeline stp,1.56,-.5,419,1.55,1.59,16.12,,.63,.55,10.33,10.11,15.4,,
.058,.027,.051,.051,EBG,Eumundi Grp,.051,-,300,.051,.053,-,,-,.11,-,.61,8.4,,
.21,.08,-,-,EGH,Eureka Gold Hldgs,.08,-,-,.07,.099,-,,-,-.03,-,-.05,-,,
2.34,1.06,2.10,2.07,EZL,Euroz,2.09,+1,478,2.06,2.09,13.00,f,2.05,-,6.22,26.65,7.8,,
1.50,.31,-,-,EZLO,  opt mar14,1.385,-,-,1.165,1.35,-,,-,-,-,-,-,,
.12,.11,.12,.11,EFGDA,Everest Financial Grp def,.12,-,26,.11,.17,-,,-,.08,-,-2.30,-,,
.13,.06,.07,.07,EVZ,EVZ,.07,+.3,240,.07,.074,.25,,-,.04,3.57,-.02,-,,
.49,.15,-,-,EXA,Excela,.28,-,-,.10,.26,2.00,,-,.44,7.14,-12.45,-,,
.095,.04,.05,.05,EPL,Eyecare Partners,.05,-,625,.05,.065,-,,-,-,-,-.43,-,,
.059,.018,-,-,EZE,Ezenet,.036,-,-,.036,.04,-,,-,.04,-,-.12,-,,
.12,.059,.095,.095,FAC,Facilitate Digital,.095,-,2050,.073,.094,-,,-,.01,-,-.11,-,,
1.825,1.17,1.295,1.275,FXJ,Fairfax Media,1.28,+1.5,86983,1.265,1.295,2.90,f,4.29,-.22,2.27,12.43,10.3,,
3.80,1.90,2.31,2.28,FAN,Fantastic Hldgs,2.28,-3,41,2.24,2.28,9.00,f,1.68,.85,3.95,15.08,15.1,,
.20,.12,-,-,FRM,Farm Pride Foods,.14,-,-,.14,.20,-,,-,.43,-,3.05,4.6,,
.235,.085,.105,.105,FWA,FarmWorks Aust,.105,+.5,125,.105,.11,-,,-,.09,-,-2.42,-,,
.023,.009,.014,.01,FER,Fermiscan Hldgs,.01,-.4,29238,.009,.014,-,,-,-,-,-.05,-,,
5.20,3.509,4.35,4.35,FFI,FFI Hldgs,4.35,+10,6,4.25,4.35,25.00,f,2.00,2.95,5.75,50.00,8.7,,
1.66,1.16,1.50,1.45,FPS,Fiducian Portfolio,1.45,-,115,1.435,1.545,9.75,f,1.43,.36,6.72,13.96,10.4,,
1.51,.92,1.065,1.04,FRI,Finbar Grp,1.05,-,1178,1.04,1.05,8.50,f,1.24,1.04,8.10,10.53,10.0,,
.089,.05,.054,.054,FFF,Firstfolio,.054,-.1,1351,.054,.055,-,,-,-.08,-,.71,7.6,,
.53,.37,.435,.435,FPA,Fisher & Paykel App,.435,-,912,.43,.435,-,,-,-,-,4.12,10.6,,
2.83,2.16,2.31,2.30,FPH,Fisher & Paykel Health,2.31,+2,25,2.30,2.34,9.95,,.74,.41,4.31,7.37,31.3,,
.995,.66,.85,.83,FKP,FKP Prop Grp stp,.84,-.5,17098,.825,.85,2.40,p,1.97,1.24,2.86,4.73,17.8,,
.32,.135,-,-,FGI,Flat Glass Ind,.135,-,-,.135,.175,-,,-,.31,-,-6.73,-,,
14.25,8.00,12.37,12.03,FWD,Fleetwood Corp,12.12,-5,1386,12.07,12.30,70.00,f,1.20,2.10,5.78,84.10,14.4,,
6.83,5.61,6.83,6.75,FBU,Fletcher Bldg,6.81,+11,51290,6.74,6.82,20.86,f,1.75,2.35,3.06,36.57,18.6,,
1.99,1.11,1.99,1.88,FXL,FlexiGroup,1.97,+7,6144,1.88,1.98,9.50,f,1.94,.46,4.82,18.40,10.7,,
25.12,15.33,22.78,22.24,FLT,Flight Centre,22.69,+63,3187,22.40,22.80,80.00,f,2.00,3.28,3.53,159.60,14.2,,
.314,.036,.042,.042,FLS,Fluorotechnics,.042,+.6,120,.042,.06,-,,-,-.02,-,-9.50,-,,
.17,.095,-,-,FLK,Folkestone,.135,-,-,.13,.14,-,,-,.17,-,-13.42,-,,
1.35,.78,-,-,FPG,Forest Place Grp,1.35,-,-,1.45,1.80,2.20,f,9.87,2.77,1.63,21.71,6.2,,
6.94,2.28,6.75,6.68,FGE,Forge Grp,6.68,-4,1500,6.67,6.72,9.00,f,5.16,1.11,1.35,46.47,14.4,,
6.44,5.11,5.79,5.66,FGL,Foster's Grp,5.75,+5,126177,5.71,5.76,27.25,f,-,.54,4.74,-26.30,-,,
.025,.005,-,-,FLR,Frankland River,.024,-,-,.007,.023,-,,-,.12,-,.01,240.0,,
.36,.25,.28,.27,FNP,Freedom Foods grp,.28,+1,229,.27,.28,.50,f,12.40,.29,1.79,6.20,4.5,,
.008,.001,.003,.003,FRE,Freshtel Hldgs,.003,-,31408,.002,.003,-,,-,-,-,.31,1.0,,
.415,.28,.325,.32,FSA,FSA Grp,.325,+.5,1150,.31,.33,-,,-,.31,-,5.71,5.7,,
.27,.13,.165,.15,FUN,Funtastic,.15,-,1478,.145,.15,-,,-,.01,-,-25.00,-,,
.004,.001,.002,.001,FUT,Future Corp,.002,-,12961,.001,.002,-,,-,-,-,-.08,-,,
.001,.001,-,-,FUTO,  opt dec15,.001,-,-,-,.001,-,,-,-,-,-,-,,
1.05,.48,.97,.96,GEM,G8 Education,.96,-,279,.96,.975,3.00,,1.38,.05,3.13,4.15,23.1,,
.105,.066,.08,.075,GRB,Gage Roads Brewing,.08,+.6,6522,.08,.083,-,,-,.02,-,-.91,-,,
.26,.125,.20,.20,GAP,Gale Pacific,.20,-,520,.195,.20,3.00,f,.78,.22,15.00,2.34,8.5,,
2.35,.031,-,-,GJT,Galileo Japan Tr unt,1.05,-,-,.98,1.05,-,,-,.35,-,-18.64,-,,
2.20,1.36,-,-,GZL,Gazal Corp,2.05,-,-,2.04,2.05,13.00,f,1.41,.74,6.34,18.30,11.2,,
1.08,.80,1.00,.99,GBT,GBST Hldgs,1.00,-2,1987,1.00,1.02,4.00,f,-,-.43,4.00,-4.29,-,,
.74,.25,.28,.28,GBI,Genera Biosystems,.28,-1,10,.26,.28,-,,-,.02,-,-4.54,-,,
.048,.02,-,-,GEN,Genesis Research,.023,-,-,.023,.05,-,,-,-,-,-3.64,-,,
.155,.02,.08,.075,GTG,Genetic Tech,.075,+.1,1417,.074,.08,-,,-,-,-,-.30,-,,
.25,.17,.185,.185,GPM,GEO Prop Grp stp,.185,-.5,1652,.185,.19,3.50,,1.35,.36,18.92,4.74,3.9,,
.67,.25,.31,.30,GDY,Geodynamics,.31,+1,4311,.31,.315,-,,-,.84,-,-6.01,-,,
.045,.027,.035,.03,GDYO,  opt mar12,.03,-.5,380,.03,.035,-,,-,-,-,-,-,,
1.00,.80,.925,.925,GLG,Gerard Lighting,.925,-,38,.92,.94,4.70,f,2.41,.16,5.08,11.35,8.1,,
.375,.24,-,-,GLE,GLG Corp,.30,-,-,.245,.30,-,,-,.48,-,6.31,4.8,,
1.915,.80,1.895,1.875,GCS,Global Construct,1.875,-2,404,1.85,1.88,7.00,f,2.49,.67,3.73,17.40,10.8,,
.032,.003,-,-,GLH,Global Health,.018,-,-,.005,.012,-,,-,-,-,-.36,-,,
.905,.71,.74,.74,GFL,Global Masters Fund,.74,-5,6,.74,.80,-,,-,.97,-,-2.36,-,,
1.37,1.01,1.295,1.27,GMI,Global Min,1.29,+1,1317,1.27,1.29,6.00,f,-,1.61,4.65,-1.13,-,,
1.89,1.55,1.87,1.87,GRF,Global Res Masters Fd,1.87,-1,176,1.87,1.89,.50,,-,1.78,.27,-1.16,-,,
.76,.415,.50,.48,GLB,Globe Int'l,.485,-1.5,226,.485,.52,5.00,,.68,.67,10.31,3.39,14.3,,
.073,.02,-,-,GCN,GoConnect,.025,-,-,.02,.025,-,,-,-,-,-.40,-,,
1.665,1.06,1.27,1.22,GFF,Goodman Fielder,1.24,+5,159848,1.235,1.245,10.75,p,1.09,-.16,8.67,11.70,10.6,,
.75,.56,.695,.685,GMG,Goodman Grp forus,.695,-,722406,.69,.695,3.40,,1.03,.48,4.89,3.50,19.9,,
2.55,2.30,-,-,GOW,Gowing Bros,2.36,-,-,2.33,2.39,10.50,f,1.41,3.15,4.45,14.85,15.9,,
3.19,.525,3.12,3.09,GPT,GPT Grp stp,3.11,+1,125682,3.09,3.13,13.50,,2.82,3.60,4.34,38.10,8.2,,
8.200,5.063,7.80,7.48,GNC,GrainCorp,7.62,+3,11171,7.58,7.75,25.00,f,1.60,4.54,3.28,39.90,19.1,,
.87,.105,.135,.135,GBA,Grandbridge,.135,-,300,.135,.15,-,,-,.94,-,14.67,.9,,
.072,.037,-,-,GNV,Green Invest,.05,-,-,.05,.07,-,,-,.07,-,1.47,3.4,,
.115,.066,.082,.082,GCG,Greencap,.082,-,100,.082,.085,-,,-,-.01,-,1.61,5.1,,
1.00,.60,-,-,GXL,Greencross,.925,-,-,.89,.925,5.50,f,1.83,-.50,5.95,10.05,9.2,,
.31,.17,-,-,GRG,GRG Int'l,.23,-,-,.215,.22,-,,-,-,-,-1.51,-,,
.10,.04,.055,.055,GRGO,  opt jun13,.055,+.9,100,.05,.055,-,,-,-,-,-,-,,
2.05,1.67,1.86,1.86,GOZ,Growthpoint Prop stp,1.86,-,41,1.86,1.90,16.90,,1.67,2.03,9.09,28.20,6.6,,
10.74,7.79,9.60,9.48,GUD,GUD Hldgs,9.59,+12,1753,9.50,9.60,63.00,f,1.11,1.25,6.57,69.90,13.7,,
.655,.48,.585,.58,GPG,Guinness Peat cdi,.58,+.5,978,.58,.59,1.66,,2.35,.74,2.86,3.90,14.9,,
.835,.26,.615,.60,GNS,Gunns,.61,+.5,29330,.605,.61,-,,-,1.56,-,2.99,20.4,,
3.48,2.83,3.34,3.28,GWA,GWA Grp,3.30,-9,7261,3.27,3.39,18.00,f,1.04,.23,5.45,18.65,17.7,,
.04,.02,-,-,HJB,Hamilton James Bruce,.027,-,-,.01,.04,-,,-,-,-,-.02,-,,
1.05,.53,.90,.89,HSN,Hansen Tech,.90,+1,439,.89,.90,6.00,p,1.47,.13,6.67,8.80,10.2,,
3.95,2.75,3.00,2.97,HVN,Harvey Norman,2.99,-1,46871,2.97,3.01,13.00,f,1.48,2.14,4.35,19.22,15.6,,
1.74,1.17,1.585,1.535,HDF,Hastings Divers stp,1.555,+1,8512,1.545,1.555,11.50,,-,1.08,7.40,-7.32,-,,
1.41,1.085,1.19,1.17,HHY,Hastings High Yld unt,1.19,+4,732,1.17,1.19,14.80,,-,1.65,12.44,-9.30,-,,
.031,.013,-,-,HEA,Health Corp,.019,-,-,.019,.04,-,,-,-,-,-.23,-,,
.001,.001,-,-,HEAO,  opt dec11,.001,-,-,-,.001,-,,-,-,-,-,-,,
.185,.053,.055,.054,HTX,HealthLinx,.054,-.2,3900,.054,.057,-,,-,-,-,-1.50,-,,
.12,.02,-,-,HTXOA,  opt dec13,.02,-,-,.01,.029,-,,-,-,-,-,-,,
.485,.24,-,-,HZL,Healthzone,.395,-,-,.385,.43,-,,-,-.03,-,6.80,5.8,,
2.80,1.38,2.36,2.36,HIN,Heartware Int'l cdi,2.36,-6,200,2.28,2.45,-,,-,11.57,-,-213.52,-,,
.068,.011,.04,.04,HCG,Helicon Grp,.04,-,545,.036,.04,-,,-,.01,-,-.34,-,,
2.73,1.92,2.72,2.64,HGG,Henderson Grp cdi,2.67,+3,29085,2.66,2.72,10.22,,1.47,.02,3.83,15.03,17.8,,
.46,.175,-,-,HXL,Hexima,.36,-,-,.37,.39,-,,-,.25,-,-7.60,-,,
1.48,.58,1.285,1.24,HFA,HFA Hldgs,1.28,+3.5,1558,1.28,1.29,-,,-,-.12,-,1.43,89.5,,
1.60,1.10,1.305,1.29,HNG,HGL,1.30,-1.5,371,1.29,1.315,11.00,f,2.39,.83,8.46,26.30,4.9,,
.085,.05,-,-,HLS,Hillcrest Litigation,.05,-,-,.045,.05,-,,-,.06,-,-2.23,-,,
2.93,1.37,1.545,1.505,HIL,Hills Ind,1.545,+3,4730,1.525,1.55,11.00,f,-,1.26,7.12,-9.50,-,,
.14,.055,-,-,HII,Hire Intelligence,.12,-,-,.11,.16,.40,,2.70,.14,3.33,1.08,11.1,,
.075,.015,-,-,HIT,Hitech Grp Aust,.07,-,-,.03,.084,-,,-,.07,-,1.54,4.5,,
.20,.07,-,-,HCT,Holista Colltech,.09,-,-,.09,.105,-,,-,.03,-,-.39,-,,
.85,.415,.68,.68,HOM,Homeloans,.68,-7,10,.69,.75,6.00,f,2.00,.22,8.82,11.97,5.7,,
.124,.044,-,-,HRL,Hot Rock,.047,-,-,.045,.047,-,,-,-,-,-1.45,-,,
.12,.08,-,-,HGL,Hudson Invest,.09,-,-,.075,.10,-,,-,.13,-,2.09,4.3,,
.024,.005,.012,.011,HUM,Humanis Grp,.011,-,35406,.01,.011,-,,-,-,-,-.04,-,,
.002,.001,-,-,HUMO,  opt aug11,.002,-,-,-,-,-,,-,-,-,-,-,,
.94,.695,.87,.84,HHV,Hunter Hall Global,.84,-2,1417,.845,.865,6.00,,.44,1.05,7.14,2.66,31.6,,
6.90,5.09,5.70,5.60,HHL,Hunter Hall Int'l,5.60,-10,32,5.60,5.70,48.50,f,.94,1.78,8.66,45.64,12.3,,
.13,.086,.093,.09,HTA,Hutchison,.093,+.5,500,.089,.093,-,,-,.11,-,.54,17.2,,
.068,.025,.049,.049,HMC,HydroMet Corp,.049,+.1,2000,.048,.052,.17,f,.35,.05,3.47,.06,81.7,,
.015,.003,.01,.01,HTI,Hydrotech Int'l,.01,+.1,350,.01,.011,-,,-,.11,-,-.05,-,,
1.52,1.25,1.35,1.35,HIP,Hyperion Flagship,1.35,-4.5,100,1.31,1.35,8.50,f,.54,1.45,6.30,4.57,29.5,,
.014,.002,.003,.003,HYO,Hyro,.003,-.1,8395,.003,.004,-,,-,-,-,.95,.3,,
.002,.001,.001,.001,HYOR,  rts 30mar,.001,-,349843,.001,.002,-,,-,-,-,-,-,,
.52,.305,.33,.33,ICP,iCash Payment Sys,.33,-,1170,.325,.33,-,,-,.22,-,2.25,14.7,,
.024,.009,-,-,ICS,ICSGlobal,.02,-,-,.02,.024,-,,-,-,-,-1.80,-,,
.90,.25,-,-,IDE,Ideas Int'l,.83,-,-,.85,.91,4.00,p,2.26,.14,4.82,9.05,9.2,,
.97,.485,.52,.51,IDT,IDT Aust,.51,+1,603,.51,.535,1.00,,-,.74,1.96,-.11,-,,
.082,.03,-,-,IFS,IFS Construct,.03,-,-,.03,.032,-,,-,-,-,-1.11,-,,
.02,.001,-,-,IFSO,  opt jun12,.002,-,-,.001,.002,-,,-,-,-,-,-,,
3.13,2.35,2.64,2.60,IIN,iiNet,2.63,+1,13394,2.62,2.64,11.00,f,2.08,-.50,4.18,22.90,11.5,,
2.16,.625,2.14,2.02,IMD,Imdex,2.07,-,24932,2.05,2.09,1.75,f,4.43,.28,.85,7.75,26.7,,
1.80,1.32,1.60,1.57,IMF,IMF (Aust),1.595,-.5,485,1.585,1.595,10.00,f,1.56,.39,6.27,15.62,10.2,,
.115,.061,-,-,IMC,Immuron,.075,-,-,.069,.075,-,,-,-,-,-.74,-,,
.90,.525,.735,.71,IPD,ImpediMed,.73,+2,2428,.715,.74,-,,-,.14,-,-11.00,-,,
.23,.10,.21,.19,IPDO,  opt oct12,.21,+2,2368,.19,.23,-,,-,-,-,-,-,,
1.30,.90,-,-,IPC,Imperial Pacific,1.00,-,-,1.00,-,3.50,,-,1.47,3.50,-1.97,-,,
.10,.034,.04,.039,IMU,Imugene,.04,+.1,210,.039,.04,-,,-,.02,-,.02,200.0,,
4.72,2.54,4.31,4.24,IPL,Incitec Pivot,4.25,+2,78018,4.24,4.27,7.80,,3.24,.37,1.84,25.30,16.8,,
.645,.041,.043,.043,INE,India Equities Fund,.043,-,341,.043,.044,-,,-,.06,-,2.73,1.6,,
1.50,.675,1.40,1.35,IDL,Industrea,1.38,+2.5,11983,1.35,1.385,4.00,f,3.53,.34,2.90,14.12,9.8,,
1.29,.28,.38,.365,IFN,Infigen Energy stp,.365,-.5,40332,.365,.37,3.00,,-,.44,8.22,-11.30,-,,
.485,.44,-,-,ICH,InfoChoice,.45,-,-,-,.485,-,,-,.04,-,.51,88.2,,
.285,.205,.25,.24,IFM,Infomedia,.245,-.5,3520,.24,.245,2.40,f,1.44,.02,9.80,3.46,7.1,,
1.50,1.28,-,-,IFZ,Infratil,1.40,-,-,1.00,-,1.93,,.40,.77,1.38,.78,179.5,,
.545,.345,-,-,IIF,ING Industrial Fd unt,.535,-,-,-,-,3.21,p,-,.56,6.00,-2.30,-,,
.64,.525,.625,.61,IOF,ING Office Fd stp,.625,+2,362684,.62,.63,3.90,,1.92,.74,6.24,7.50,8.3,,
.35,.23,-,-,IPE,ING Private Equity,.32,-,-,.32,.325,-,,-,.51,-,1.16,27.6,,
.115,.048,.10,.093,ILF,ING Real Est Com stp,.10,+.2,9120,.095,.10,-,,-,.26,-,-1.40,-,,
.98,.72,.795,.78,IHF,ING Real Est Hlth unt,.795,+1,156,.795,.825,7.65,,.97,1.01,9.62,7.43,10.7,,
.175,.083,-,-,IEF,ING Real Est Ente unt,.105,-,-,.105,.11,-,,-,.20,-,-16.66,-,,
4.03,3.22,3.53,3.47,IAG,Insurance Aust Grp,3.52,+3,55143,3.49,3.54,13.50,f,-,1.28,3.84,-3.78,-,,
.15,.091,-,-,IAW,Integrated Legal,.145,-,-,.13,.15,.80,f,1.26,.07,5.52,1.01,14.4,,
.44,.30,.315,.315,IRI,Integrated Research,.315,+.5,130,.315,.32,2.50,p,1.22,.07,7.94,3.04,10.4,,
.105,.013,-,-,ISL,Intelligent Solar,.016,-,-,.016,.022,-,,-,-,-,-4.99,-,,
.013,.003,.004,.004,INT,Intermoco,.004,-.1,20000,.004,.005,-,,-,-,-,-.08,-,,
.05,.01,-,-,IEQ,Int'l Equities,.01,-,-,-,-,-,,-,.13,-,-4.05,-,,
.19,.097,-,-,IPX,IntraPower,.16,-,-,.15,.16,-,,-,.01,-,.88,18.2,,
.12,.034,-,-,IVT,Inventis,.09,-,-,.09,.12,-,,-,.01,-,-1.35,-,,
.145,.05,.096,.095,INQ,Investorfirst,.095,-.3,2150,.095,.10,-,,-,.03,-,-.25,-,,
7.73,5.70,7.12,6.98,IVC,InvoCare,7.03,+3,3634,7.00,7.08,28.25,f,.95,-,4.02,26.90,26.1,,
8.14,5.75,7.35,7.20,IFL,IOOF Hldgs,7.30,+10,3604,7.20,7.35,39.00,f,.86,.60,5.34,33.70,21.7,,
.155,.073,.078,.078,IPR,Ipernica,.078,-,170,.078,.08,-,,-,.02,-,-2.03,-,,
.62,.28,.54,.50,IPP,IPGA,.54,+3,7535,.51,.54,-,,-,-.01,-,-1.90,-,,
9.383,7.62,9.35,9.21,IRE,IRESS Market Tech,9.26,+1,2155,9.12,9.35,38.00,p,1.06,.83,4.10,40.34,23.0,,
.51,.425,.475,.465,IBC,Ironbark Capital,.475,+1,282,.47,.475,3.50,f,1.00,.56,7.37,3.50,13.6,,
49.49,39.88,42.96,42.38,IZZ,iShares China 25 cdi,42.84,+33,38,40.66,44.88,-,,-,-,-,-,-,,
66.20,59.19,61.52,61.35,IXI,iShares Glb Cons cdi,61.46,+18,5,61.40,61.42,-,,-,-,-,-,-,,
57.90,51.20,52.50,52.50,IXJ,iShares Glb Health cdi,52.50,+20,1,52.05,55.90,-,,-,-,-,-,-,,
60.80,55.04,-,-,IXP,iShares Glb Telco cdi,59.04,-,-,59.11,59.83,-,,-,-,-,-,-,,
67.28,59.71,63.65,63.22,IOO,iShares Global 100 cdi,63.54,+9,80,63.19,63.54,-,,-,-,-,-,-,,
22.61,19.34,20.84,20.69,IOZ,iShares MSCI Aus 200,20.84,+34,98,20.80,22.61,-,,-,-,-,-,-,,
53.98,44.00,47.60,47.60,IBK,iShares MSCI BRIC cdi,47.60,+16,2,47.00,51.28,-,,-,-,-,-,-,,
62.57,55.00,58.42,58.34,IVE,iShares MSCI EAFE cdi,58.42,+42,5,56.62,59.59,-,,-,-,-,-,-,,
48.88,41.11,46.70,46.00,IEM,iShares MSCI Em Mkt cdi,46.69,+44,70,44.08,47.00,-,,-,-,-,-,-,,
20.27,16.54,18.18,18.18,IHK,iShares MSCI Hong Kong cdi,18.18,+18,-,17.08,19.66,-,,-,-,-,-,-,,
11.96,8.90,10.07,9.98,IJP,iShares MSCI Japan cdi,10.04,-10,150,9.68,10.40,-,,-,-,-,-,-,,
64.03,50.56,-,-,IKO,iShares MSCI Sth Korea cdi,60.37,-,-,54.18,61.81,-,,-,-,-,-,-,,
14.96,12.43,-,-,ISG,iShares MSCI Singapore cdi,13.11,-,-,12.18,13.25,-,,-,-,-,-,-,,
16.23,12.97,-,-,ITW,iShares MSCI Taiwan cdi,14.36,-,-,13.18,14.50,-,,-,-,-,-,-,,
84.14,67.19,-,-,IRU,iShares Russell 2000 cdi,80.69,-,-,72.88,80.99,-,,-,-,-,-,-,,
135.00,117.84,129.23,128.70,IVV,iShares S&P 500 cdi,129.08,+64,506,120.88,131.50,-,,-,-,-,-,-,,
53.53,40.47,46.14,45.55,IAA,iShares S&P Asia 50 cdi,46.14,+59,20,43.58,46.16,-,,-,-,-,-,-,,
42.65,36.83,40.71,40.39,IEU,iShares S&P Europe 350 cdi,40.61,+5,15,38.88,42.88,-,,-,-,-,-,-,,
15.42,14.40,15.25,15.25,IHD,iShares S&P High Div,15.25,+7,20,15.21,15.32,-,,-,-,-,-,-,,
97.51,80.51,95.09,94.90,IJH,iShares S&P Mcap 400 cdi,94.90,+70,1,93.90,94.91,-,,-,-,-,-,-,,
72.39,59.40,70.42,70.42,IJR,iShares S&P Mcap 600 cdi,70.42,+37,1,66.66,70.85,-,,-,-,-,-,-,,
21.24,19.47,20.90,20.70,ILC,iShares S&P/ASX 20,20.90,+36,226,20.85,20.91,-,,-,-,-,-,-,,
5.78,4.74,5.19,5.17,ISO,iShares Small Ords,5.19,+5,286,5.18,5.21,-,,-,-,-,-,-,,
.10,.009,-,-,ISK,Island Sky Aust,.015,-,-,.014,.017,-,,-,.01,-,-2.42,-,,
.025,.01,-,-,ISKO,  opt nov11,.01,-,-,-,.01,-,,-,-,-,-,-,,
.625,.032,-,-,ISF,iSOFT Group,.052,-,-,-,-,-,,-,-,-,-46.27,-,,
.23,.099,-,-,ISS,ISS Grp,.13,-,-,.125,.13,1.00,p,.31,.09,7.69,.31,41.9,,
.085,.045,.069,.069,ITD,ITL,.069,-.6,715,.069,.075,-,,-,.08,-,-8.51,-,,
.60,.20,-,-,ITS,ITS Capital Invest,.50,-,-,-,-,-,,-,.19,-,.08,625.0,,
8.05,5.05,6.20,6.08,JHX,James Hardie Ind cdi,6.14,-1,14098,6.07,6.21,-,,-,-1.02,-,-70.78,-,,
22.46,17.32,20.12,19.93,JBH,JB Hi-Fi,20.03,+20,62841,20.03,20.04,81.00,f,1.48,2.34,4.04,119.93,16.7,,
1.10,.63,.755,.755,JET,Jetset Travelworld,.755,+3,314,.75,.77,1.60,,1.33,.84,2.12,2.13,35.4,,
.43,.26,-,-,JYC,Joyce Corp,.42,-,-,.53,.80,2.00,,-,.35,4.76,-29.95,-,,
.485,.215,-,-,JIN,Jumbo Interactive,.415,-,-,.42,.47,.50,f,-,-,1.20,-11.41,-,,
.27,.11,.12,.115,JMB,Jumbuck Entertain,.115,-1.5,300,.115,.13,1.50,f,-,.18,13.04,-9.76,-,,
.014,.003,-,-,JVG,JV Global,.009,-,-,.009,.01,-,,-,-.01,-,-.98,-,,
2.891,1.945,1.99,1.95,KSC,K & S Corp,1.985,+1,349,1.96,1.975,12.00,f,2.02,1.61,6.05,24.30,8.2,,
1.20,.40,1.03,1.02,KAM,K2 Asset Mgt,1.03,+1,513,1.02,1.03,10.50,p,1.10,.11,10.19,11.50,9.0,,
.12,.046,-,-,KTE,K2 Energy,.087,-,-,.087,.09,-,,-,.03,-,-2.72,-,,
.035,.012,-,-,KSX,KarmelSonix,.017,-,-,.017,.017,-,,-,-,-,-.96,-,,
.01,.001,-,-,KSXO,  opt jul11,.001,-,-,.001,.002,-,,-,-,-,-,-,,
.91,.60,-,-,KAT,Katana Capital,.82,-,-,.82,.85,3.25,f,2.30,1.07,3.96,7.48,11.0,,
1.97,1.18,1.675,1.605,KMD,Kathmandu Hldgs,1.665,+3.5,2833,1.665,1.67,7.70,,.59,-.05,4.62,4.56,36.5,,
.14,.075,.081,.078,KBC,Keybridge Capital,.078,-,6046,.078,.081,-,,-,.36,-,-18.22,-,,
.356,.055,-,-,KME,Kip McGrath Edu Cntr,.055,-,-,.055,.078,-,,-,-.13,-,-15.10,-,,
.21,.10,-,-,KKT,Konekt,.10,-,-,.091,.10,.50,,8.40,.06,5.00,4.20,2.4,,
.30,.121,-,-,KNH,Koon Hldgs cdi,.21,-,-,.23,-,1.39,,4.37,.23,6.62,6.08,3.5,,
5.52,3.92,4.10,4.10,KOV,Korvest,4.10,+11,2,3.96,4.10,26.00,f,1.48,3.58,6.34,38.60,10.6,,
.42,.215,.28,.28,KRS,Kresta Hldgs,.28,+1,500,.27,.29,2.00,f,1.41,.13,7.14,2.83,9.9,,
.01,.003,-,-,KTL,KTL Technologies,.006,-,-,.006,.008,-,,-,.01,-,-.10,-,,
.45,.33,.38,.38,LMW,Landmark White,.38,+.5,43,.32,.38,3.00,f,.76,.08,7.89,2.27,16.7,,
.105,.04,.082,.082,LBL,Laserbond,.082,+.5,850,.082,.083,-,,-,.04,-,1.14,7.2,,
.105,.057,.061,.061,LBT,LBT Innovations,.061,+.2,50,.058,.061,-,,-,.02,-,1.22,5.0,,
.08,.08,-,-,LBTO,  optjun13b,.08,-,-,-,-,-,,-,-,-,-,-,,
.025,.005,-,-,LBTOA,  optjun13c,.005,-,-,-,.089,-,,-,-,-,-,-,,
.26,.10,-,-,LER,Leaf Energy,.14,-,-,.067,.135,-,,-,-,-,6.31,2.2,,
.21,.067,.078,.078,LCY,Legacy Iron Ore,.078,-,250,.074,.077,-,,-,-,-,-3.19,-,,
.055,.003,-,-,LCYO,  opt jan12,.003,-,-,.004,.008,-,,-,-,-,-,-,,
.065,.012,-,-,LCYOA,  opt dec12,.015,-,-,.014,.02,-,,-,-,-,-,-,,
.10,.02,-,-,LCYOB,  opt dec12,.029,-,-,.028,.059,-,,-,-,-,-,-,,
.39,.16,.335,.325,LGD,Legend Corp,.335,-,4001,.325,.335,1.80,f,1.91,.10,5.37,3.44,9.7,,
39.34,27.61,29.87,29.56,LEI,Leighton Hldgs,29.69,+13,7038,29.60,29.80,145.00,f,1.24,7.60,4.88,179.70,16.5,,
4.50,3.81,4.00,3.95,LMC,Lemarne Corp,3.95,+9,66,3.86,3.95,20.00,,2.26,3.50,5.06,45.11,8.8,,
9.28,6.70,8.98,8.83,LLC,Lend Lease Grp stp,8.92,+9,16914,8.92,8.95,32.00,p,2.11,5.03,3.59,67.40,13.2,,
.09,.05,-,-,LIC,Lifestyle Communities,.089,-,-,.08,.089,-,,-,.07,-,1.29,6.9,,
3.05,.897,3.00,2.93,LNC,Linc Energy,2.97,-,14893,2.96,2.97,-,f,-,-,-,70.28,4.2,,
.22,.17,-,-,LAU,Lindsay Aust,.19,-,-,.19,.205,1.10,f,1.09,.21,5.79,1.20,15.8,,
4.02,2.20,3.86,3.85,LWB,Little World Beverages,3.85,-,16,3.80,3.85,10.00,f,1.31,.61,2.60,13.09,29.4,,
.033,.017,.025,.025,LLA,Living & Leisure Aust stp,.025,-,1800,.025,.029,-,,-,.03,-,-.23,-,,
.41,.077,.081,.077,LCT,Living Cell Tech,.078,-.2,5338,.078,.082,-,,-,.02,-,-2.36,-,,
1.85,.795,1.55,1.52,LCM,LogiCamms,1.52,-1,255,1.51,1.52,6.75,f,1.79,.32,4.44,12.10,12.6,,
.41,.30,-,-,LCE,London City Equities,.305,-,-,.20,.325,1.00,,.12,.41,3.28,.12,254.2,,
.036,.018,.03,.03,LRG,Longreach Grp,.03,+.1,3029,.03,.032,-,,-,.02,-,.11,27.3,,
5.20,2.40,4.75,4.73,LDW,Ludowici,4.73,+5,21,4.75,4.80,20.00,f,2.24,2.06,4.23,44.80,10.6,,
.072,.002,-,-,LSL,Luminus Systems,.04,-,-,.04,.05,-,,-,.01,-,-.65,-,,
7.09,2.91,6.85,6.75,LYL,Lycopodium,6.80,+22,386,6.75,6.80,32.00,f,1.63,.99,4.71,52.20,13.0,,
4.08,1.365,3.71,3.54,MTU,M2 Telecomms,3.59,-12,2655,3.55,3.60,12.00,f,1.37,.06,3.34,16.46,21.8,,
.003,.001,.002,.001,MCL,M2M Corp,.002,-,21556,.001,.002,-,,-,-,-,-.03,-,,
.12,.064,.105,.105,MPS,MacarthurCook PSF unt,.105,-,1214,.10,.11,-,,-,.30,-,-2.65,-,,
.885,.45,.56,.555,MAH,Macmahon Hldgs,.56,-,9301,.555,.56,1.50,,.28,.37,2.68,.42,133.3,,
1.935,.68,1.92,1.90,MQA,Macq Atlas Roads stp,1.91,+.5,6199,1.90,1.915,-,,-,-.54,-,-31.50,-,,
51.97,33.01,36.55,36.12,MQG,Macquarie Grp,36.53,+36,17291,36.39,36.53,186.00,,1.55,25.21,5.09,289.20,12.6,,
1.25,.69,1.15,1.15,MRN,Macquarie Radio,1.15,-1,24,1.15,1.19,9.00,f,1.35,.06,7.83,12.16,9.5,,
12.50,4.281,10.84,10.30,MAQ,Macq Telecom Grp,10.84,-11,102,10.61,10.84,30.00,f,2.46,3.16,2.77,73.90,14.7,,
1.42,1.16,-,-,MWG,Macquarie Winton ord unt,1.35,-,-,1.365,1.42,.40,,43.77,1.45,.30,17.51,7.7,,
.032,.005,-,-,MAC,Macro Corp,.005,-,-,.005,.03,-,,-,.05,-,-2.20,-,,
1.97,.94,1.70,1.70,MFG,Magellan Fin Grp,1.70,-,294,1.68,1.71,-,,-,.75,-,3.00,56.7,,
.55,.051,-,-,MFGOB,  opt jun11,.35,-,-,.45,.48,-,,-,-,-,-,-,,
.50,.14,-,-,MFGOC,  opt jun16,.40,-,-,.40,.58,-,,-,-,-,-,-,,
.745,.595,.70,.69,MFF,Magellan Flagship,.70,+1,1054,.695,.70,-,,-,.76,-,-1.35,-,,
3.17,2.447,3.06,2.97,MAP,MAp Grp forus,3.03,+5,69792,3.01,3.04,21.00,,.26,-,6.93,5.42,55.9,,
.15,.052,.135,.13,MBD,Marbletrend Grp,.135,+.5,500,.125,.135,.50,f,3.48,.04,3.70,1.74,7.8,,
.014,.002,.009,.007,MCX,Mariner Corp,.009,+.1,11176,.007,.009,-,,-,-.03,-,-3.99,-,,
3.88,1.685,3.61,3.58,MSF,Maryborough Sugar,3.60,+1,349,3.60,3.62,6.50,f,2.13,2.74,1.81,13.85,26.0,,
1.65,.85,1.62,1.58,MYE,Mastermyne Grp,1.60,-,421,1.58,1.60,3.60,f,1.67,-,2.25,6.00,26.7,,
9.95,2.35,9.14,8.76,MCE,Matrix C & E,9.05,+23,2477,9.03,9.15,5.00,f,8.74,1.05,.55,43.70,20.7,,
.165,.03,.155,.15,MXQ,MAX Trust unt,.155,+.5,2773,.145,.155,-,,-,.44,-,14.41,1.1,,
.38,.20,.245,.23,MXI,MaxiTRANS Ind,.245,+1,1710,.235,.245,1.00,,1.64,.34,4.08,1.64,14.9,,
.986,.464,.675,.665,MYX,Mayne Pharma,.675,+1,1102,.67,.675,2.00,f,2.77,.09,2.96,5.54,12.2,,
.20,.10,-,-,MEG,MCM Entertainment Grp,.15,-,-,.10,.12,-,,-,.04,-,-1.00,-,,
9.94,3.41,9.94,9.75,MMS,McMillan Shakespeare,9.89,+16,895,9.75,9.89,30.00,f,2.67,.91,3.03,80.17,12.3,,
3.40,2.35,3.24,3.20,MCP,McPherson's,3.20,-2,246,3.20,3.24,22.00,f,1.80,.22,6.88,39.70,8.1,,
.043,.015,-,-,MWS,MDS Financial Grp,.018,-,-,.018,.023,-,,-,-,-,-.21,-,,
.055,.008,.033,.033,MLA,Medical Aust,.033,+.2,145,.033,.035,-,,-,-,-,-.19,-,,
.017,.01,-,-,MLAO,  opt jul11,.014,-,-,.014,.016,-,,-,-,-,-,-,,
.25,.013,.22,.17,MOD,Medical Corp,.205,-2,64245,.205,.21,-,,-,.04,-,1.09,18.8,,
.47,.17,.42,.42,MVP,Medical Develop,.42,+.5,70,.42,.465,-,,-,.09,-,2.70,15.6,,
.131,.04,-,-,MGZ,Medigard,.04,-,-,.04,.05,-,,-,.01,-,-1.16,-,,
.015,.004,.005,.005,MDV,Medivac,.005,-,24113,.005,.006,-,,-,-,-,-.21,-,,
.07,.04,-,-,MDG,Medtech Global,.065,-,-,.065,-,-,,-,.01,-,.70,9.3,,
2.35,1.65,1.85,1.80,MLB,Melbourne IT,1.82,+2.5,715,1.795,1.86,15.00,f,1.35,-.49,8.24,20.21,9.0,,
.20,.15,-,-,MHI,Merchant House,.16,-,-,.15,.16,1.50,,2.51,.26,9.38,3.76,4.3,,
3.43,2.25,3.20,3.13,MRM,Mermaid Marine,3.18,+4,5814,3.16,3.20,9.00,f,2.23,1.21,2.83,20.04,15.9,,
1.005,.80,.885,.885,MEF,Merricks Capital,.885,-1.5,500,.89,.90,3.00,,-,1.14,3.39,-1.19,-,,
.235,.085,-,-,MES,Mesbon China Nylon,.21,-,-,.195,.20,.50,,9.86,.33,2.38,4.93,4.3,,
8.30,1.71,8.16,7.37,MSB,Mesoblast,7.72,-38,17767,7.70,7.72,-,,-,.15,-,51.93,14.9,,
.016,.006,.008,.007,MST,Metal Storm,.007,-,35030,.007,.008,-,,-,-.01,-,-.64,-,,
.002,.001,-,-,MSTO,  opt sep11,.001,-,-,-,.001,-,,-,-,-,-,-,,
.16,.055,-,-,MFC,Metals Finance,.13,-,-,.13,.135,-,,-,.16,-,-4.01,-,,
4.57,3.84,4.16,4.03,MTS,Metcash,4.14,+13,44039,4.14,4.16,26.00,f,1.15,.14,6.28,29.85,13.9,,
.052,.025,-,-,MTD,Metroland Aust,.025,-,-,.025,.04,-,,-,.05,-,-3.39,-,,
.013,.006,.007,.007,MWR,MGM Wireless,.007,-,240,.006,.007,-,,-,-,-,.11,6.4,,
1.86,1.37,1.73,1.70,MIO,Miclyn Express,1.73,+3,1045,1.70,1.73,3.45,,2.77,.78,1.99,9.54,18.1,,
.09,.028,-,-,MIK,Mikoh Corp,.035,-,-,.034,.035,-,,-,-,-,-1.49,-,,
.006,.002,.004,.004,MPD,Millepede Int'l,.004,-.2,200,.004,.009,-,,-,-,-,-.16,-,,
.002,.001,-,-,MPDO,  opt mar12,.002,-,-,-,.001,-,,-,-,-,-,-,,
18.95,15.35,16.10,15.93,MLT,Milton Corp,16.06,+6,392,16.00,16.06,73.00,f,1.12,17.83,4.55,82.01,19.6,,
13.63,6.11,12.37,11.82,MIN,Mineral Res,12.37,+53,5446,12.25,12.38,28.60,f,2.92,3.13,2.31,83.50,14.8,,
.048,.02,.035,.035,MNW,Mint Wireless,.035,+.5,100,.033,.035,-,,-,-.01,-,-.75,-,,
2.01,1.53,1.90,1.86,MIR,Mirrabooka Invest,1.90,+2,433,1.87,1.88,10.00,f,.92,1.95,5.26,9.16,20.7,,
1.485,1.16,1.265,1.24,MGR,Mirvac Grp stp,1.26,+2,214511,1.26,1.265,8.00,,.74,1.59,6.35,5.90,21.4,,
.06,.016,.046,.039,MIX,Mirvac Industrial unt,.039,-.4,1025,.039,.046,-,,-,.10,-,-5.21,-,,
10.00,10.00,-,-,MBTDA,Mission NewEnergy def,10.00,-,-,-,-,-,,-,-.16,-,-37.93,-,,
.06,.03,.06,.053,MNZ,Mnet Grp,.06,+1.2,2000,.06,.065,-,,-,-,-,.25,24.0,,
.19,.058,.075,.07,MBO,Mobilarm,.075,-,1150,.07,.076,-,,-,-,-,-2.00,-,,
.062,.012,.022,.019,MBA,MobileActive,.022,+.6,4222,.022,.026,-,,-,-,-,-.30,-,,
.12,.051,.085,.085,MKB,MOKO.Mobi,.085,-,-,.085,.09,-,,-,-,-,-2.74,-,,
.035,.015,-,-,MKBO,  opt jul13,.015,-,-,.02,-,-,,-,-,-,-,-,,
22.40,11.77,21.62,21.34,MND,Monadelphous Grp,21.50,+10,2750,21.30,21.55,88.00,f,1.16,1.96,4.09,101.86,21.1,,
.515,.374,.45,.45,MNY,Money3 Corp,.45,-1,200,.37,.47,4.25,f,1.69,.33,9.44,7.19,6.3,,
.008,.002,-,-,MTI,Montec Int'l,.004,-,-,.003,.004,-,,-,-,-,-.18,-,,
.28,.008,.24,.24,MRY,Monteray Grp,.24,-,1000,.24,.28,-,,-,.04,-,-.45,-,,
.19,.016,-,-,MOV,Moore A'asia Hldgs,.018,-,-,.019,.03,-,,-,-.02,-,-7.85,-,,
.029,.006,.008,.008,MMZ,Mooter Media,.008,+.1,17693,.008,.009,-,,-,-,-,-.07,-,,
1.61,1.00,1.455,1.425,MOC,Mortgage Choice,1.445,-.5,705,1.435,1.445,12.50,f,1.50,.62,8.65,18.80,7.7,,
.46,.25,.255,.255,MLC,Mothercare,.255,-1.5,1300,.255,.27,-,,-,.10,-,-5.73,-,,
.16,.009,.094,.084,MOT,Motopia,.084,-1.1,3550,.083,.095,-,,-,-,-,-1.60,-,,
.04,.001,-,-,MOTOA,  opt jan12,.03,-,-,-,-,-,,-,-,-,-,-,,
.029,.005,.015,.014,MUI,Media Grp Int'l,.014,-.1,11535,.013,.015,-,,-,-,-,-.15,-,,
.017,.003,.012,.01,MUT,Multi Channel,.012,+.2,9415,.01,.012,-,,-,-,-,-15.43,-,,
.24,.109,.19,.185,MUE,Multiplex European unt,.19,+1,860,.19,.195,1.87,,10.22,.37,9.84,19.11,1.0,,
.009,.002,-,-,MSI,Multistack Int'l,.009,-,-,.005,.01,-,,-,.04,-,-.12,-,,
.60,.25,.25,.25,MCH,Murchison Hldgs,.25,-,145,.20,.36,.25,,1.64,1.14,1.00,.41,61.0,,
.21,.10,.10,.10,MYA,My ATM Hldgs,.10,-,1000,.09,.10,-,,-,-,-,-,-,,
.295,.085,-,-,MNF,My Net Fone,.24,-,-,.21,.24,1.25,,3.30,-.01,5.21,4.13,5.8,,
4.02,2.86,3.24,3.13,MYR,Myer Hldgs,3.19,+3,138844,3.19,3.20,22.50,f,1.18,-.09,7.05,26.60,12.0,,
3.90,2.95,3.77,3.75,MYS,MyState,3.75,-2,165,3.75,3.77,24.50,f,1.26,2.27,6.53,30.77,12.2,,
.61,.35,.465,.45,NAM,Namoi Cotton ccu,.465,+.5,202,.45,.465,-,,-,1.21,-,3.90,11.9,,
.99,.45,.92,.90,NAN,Nanosonics,.92,-,1581,.91,.93,-,,-,.08,-,-3.81,-,,
.02,.016,.02,.02,NLS,Narhex Life Sciences,.02,-,8391,.02,.027,-,,-,-,-,-.11,-,,
29.03,22.23,25.80,25.40,NAB,National Aust Bank,25.63,+28,55116,25.58,25.70,152.00,f,1.26,12.63,5.93,191.80,13.4,,
1.60,1.15,-,-,NCI,National Can Ind,1.20,-,-,1.20,1.25,3.00,f,1.67,-,2.50,5.00,24.0,,
1.70,1.09,1.49,1.485,NHR,National Hire Grp,1.485,+1,1568,1.485,1.50,-,,-,2.24,-,8.97,16.6,,
.025,.005,.01,.01,NLG,National Leisure,.01,-.1,450,.01,.011,-,,-,-.27,-,.19,5.3,,
5.35,3.37,4.32,4.23,NVT,Navitas,4.26,-3,5338,4.15,4.32,19.40,f,1.04,.06,4.55,20.23,21.1,,
.114,.041,.048,.047,NMS,Neptune Marine,.048,-,14888,.047,.048,-,,-,.02,-,-25.35,-,,
.30,.12,.155,.155,NTC,NetComm,.155,-1,940,.155,.16,.50,f,4.12,.11,3.23,2.06,7.5,,
.035,.014,.019,.017,NEU,Neuren Pharma,.017,-,5373,.017,.018,-,,-,-,-,-1.27,-,,
.077,.024,-,-,NDL,NeuroDiscovery,.044,-,-,.044,.048,-,,-,.03,-,-4.99,-,,
.016,.01,.011,.011,NDLO,  opt jan12,.011,-,9228,.01,.011,-,,-,-,-,-,-,,
1.96,1.86,-,-,NHH,Newhaven Hotels,1.90,-,-,1.91,2.50,6.00,f,1.16,1.10,3.16,6.94,27.4,,
20.18,15.40,17.93,17.65,NWS,News Corp b voting,17.75,-3,25661,17.61,17.75,13.42,,9.82,-,.76,131.81,13.5,,
17.56,13.19,16.80,16.51,NWSLV,  a nonvote,16.68,-10,8127,16.68,16.85,13.42,,-,-,.80,-,-,,
.01,.003,.009,.008,NWT,NewSat,.008,-,83454,.008,.009,-,,-,-,-,.01,80.0,,
.164,.053,.105,.10,NBS,Nexbis,.10,-.5,8392,.10,.105,-,,-,.03,-,-8.30,-,,
1.85,1.45,1.54,1.505,NXT,NEXTDC,1.535,+2,1659,1.51,1.53,-,,-,.72,-,-.87,-,,
1.50,1.18,1.435,1.415,NHF,NIB Hldgs,1.42,-1,9650,1.42,1.45,9.00,f,1.30,.78,6.34,11.70,12.1,,
2.00,1.305,1.61,1.54,NCK,Nick Scali,1.54,-6.5,176,1.60,1.63,9.00,f,1.50,.26,5.84,13.50,11.4,,
.214,.084,.125,.12,NOD,Nomad Bldg Solutions,.125,-,4100,.125,.13,-,,-,.10,-,-53.70,-,,
1.50,.94,.96,.96,NBL,Noni B,.96,+1.5,15,.95,.96,4.00,f,1.35,.47,4.17,5.40,17.8,,
1.325,.685,1.295,1.28,NFK,Norfolk Grp,1.295,+1.5,2638,1.235,1.295,-,,-,-,-,13.53,9.6,,
.33,.15,.285,.28,NOE,Novarise Renewable,.28,-.5,2415,.28,.29,1.00,,3.80,.12,3.57,3.80,7.4,,
.46,.105,.315,.255,NRT,Novogen,.31,-6,7586,.295,.31,-,,-,.07,-,-10.40,-,,
2.93,.855,2.93,2.83,NWH,NRW Hldgs,2.88,+1,5193,2.84,2.88,7.00,f,2.29,.63,2.43,16.00,18.0,,
.18,.038,-,-,NSL,NSL Consolidated,.045,-,-,.045,.05,-,,-,-,-,-2.86,-,,
.25,.165,-,-,NSX,NSX,.22,-,-,.165,.21,-,,-,.06,-,-1.60,-,,
8.020,3.20,5.25,5.17,NUF,Nufarm,5.20,-5,9609,5.18,5.21,-,,-,3.31,-,7.10,73.2,,
2.85,2.16,2.33,2.33,NPX,Nuplex Industries,2.33,-,100,2.30,2.34,13.92,p,1.80,1.53,5.97,25.11,9.3,,
.32,.18,.20,.20,NSP,NuSep,.20,-,550,.205,.215,-,,-,.08,-,15.60,1.3,,
.075,.018,.018,.018,NSPO,  opt sep12,.018,-,64,.018,.025,-,,-,-,-,-,-,,
.40,.09,.395,.395,OKJ,Oakajee Corp,.395,-.5,157,.375,.39,-,,-,.25,-,-.52,-,,
.48,.20,.36,.355,OAK,Oaks Hotels & Resort,.355,-,2172,.35,.36,2.00,,-,-.07,5.63,-1.27,-,,
3.36,2.02,2.32,2.27,OKN,Oakton,2.28,-6,1215,2.28,2.32,7.50,f,2.49,.23,3.29,18.70,12.2,,
.044,.019,.021,.02,OBJ,OBJ,.02,-.1,31178,.02,.021,-,,-,-,-,-.15,-,,
.024,.01,-,-,OBJOA,  opt dec11,.01,-,-,.01,.024,-,,-,-,-,-,-,,
.39,.20,-,-,OCL,Objective Corp,.24,-,-,.24,.26,1.30,,1.35,.04,5.42,1.75,13.7,,
.307,.19,-,-,OCE,Ocean Capital,.19,-,-,.19,.35,.75,,-,.35,3.95,-3.22,-,,
2.41,1.20,-,-,OCP,Oceania Capital,1.50,-,-,-,-,-,,-,2.20,-,-157.87,-,,
.081,.02,.08,.08,ODG,Odyssey Gaming,.08,-,273,.078,.085,-,,-,.07,-,.16,50.0,,
.204,.07,.11,.105,OLH,Oldfields Hldgs,.11,+.5,18131,.105,.12,-,,-,.65,-,-34.59,-,,
.006,.002,.004,.004,OLE,Olea Australis,.004,-,2500,.003,.004,-,,-,.19,-,-.05,-,,
.145,.007,-,-,OMI,OMI Hldgs,.008,-,-,.007,.008,-,,-,-,-,-14.31,-,,
.26,.08,.26,.245,ONC,OnCard Int'l,.26,+2,4366,.26,.265,-,,-,.14,-,2.02,12.9,,
4.15,2.26,2.49,2.44,OST,OneSteel,2.45,+1,126149,2.45,2.47,12.00,,1.62,1.34,4.90,19.39,12.6,,
.29,.115,-,-,OOH,oOhmedia Grp,.245,-,-,.245,.26,-,,-,-.03,-,1.80,13.6,,
.075,.035,.049,.049,OIL,Optiscan Imaging,.049,-,263,.048,.049,-,,-,.01,-,-.60,-,,
.46,.18,.40,.36,OEC,Orbital Corp,.36,-,121,.36,.40,-,,-,.36,-,1.55,23.2,,
.065,.018,.046,.046,ORC,Orchid Capital,.046,-,770,.046,.05,-,,-,.01,-,.05,92.0,,
.02,.005,-,-,ORCOA,  opt feb12,.01,-,-,.005,.025,-,,-,-,-,-,-,,
26.93,22.836,26.50,25.75,ORI,Orica,26.31,+58,12662,26.30,26.34,95.00,f,3.90,1.44,3.61,370.97,7.1,,
.04,.03,-,-,OTI,Oriental Technologies,.035,-,-,.032,.11,-,,-,.13,-,.35,10.0,,
16.81,13.458,16.265,15.84,ORG,Origin Energy,16.17,+28,50783,16.14,16.18,50.00,f,.24,7.97,3.09,12.00,134.8,,
3.27,1.85,3.27,2.83,ORGR,  rts forus,3.16,+27,17856,2.85,3.17,-,,-,-,-,-,-,,
.63,.40,-,-,OEQ,Orion Equities,.40,-,-,.40,.48,-,,-,1.18,-,-10.40,-,,
9.50,5.91,8.02,7.90,ORL,OrotonGroup,7.95,+5,4146,7.94,8.00,48.00,f,1.17,.78,6.04,56.35,14.1,,
.26,.10,.12,.12,OGL,Overseas & Gen cdi,.12,-,60,.10,.12,-,,-,.01,-,-.02,-,,
.19,.15,.185,.18,OZG,Ozgrowth,.185,+.5,1830,.18,.185,1.60,f,2.09,.27,8.65,3.34,5.5,,
1.385,.765,.86,.825,PBG,Pacific Brands,.845,+2.5,104335,.84,.85,3.10,f,-,.06,3.67,-14.60,-,,
.465,.19,-,-,PEA,Pacific Energy,.43,-,-,.41,.43,-,,-,.13,-,-8.92,-,,
.22,.05,-,-,PEH,Pacific Environment,.155,-,-,.10,.145,-,,-,.04,-,.21,73.8,,
.065,.027,-,-,PNW,Pacific Star Network,.031,-,-,.031,-,.10,,1.40,.01,3.23,.14,22.1,,
.40,.062,-,-,PSY,Panorama Synergy,.08,-,-,.08,.09,-,,-,-,-,-1.05,-,,
.845,.32,.365,.355,PPX,PaperlinX,.36,+.5,4442,.355,.365,-,,-,.34,-,-11.59,-,,
.425,.10,.105,.105,PPY,Papyrus Aust,.105,-,70,.10,.105,-,,-,.02,-,-3.60,-,,
.05,.025,-,-,PGC,Paragon Care,.043,-,-,.042,.043,-,,-,-.02,-,.10,43.0,,
.022,.005,.019,.019,PGCOA,  opt may12,.019,+.2,1469,.018,.019,-,,-,-,-,-,-,,
.18,.065,.11,.105,PAB,Patrys,.11,+.5,3715,.105,.11,-,,-,.03,-,-4.18,-,,
1.61,.96,1.43,1.415,PFL,Patties Foods,1.415,-.5,92,1.415,1.425,7.00,f,1.84,.34,4.95,12.90,11.0,,
3.00,1.50,3.00,2.95,PAY,Payce Consolidated,3.00,+10,15502,3.00,3.05,-,,-,3.26,-,67.00,4.5,,
.17,.06,-,-,PHL,Pearl Healthcare,.08,-,-,.064,.08,-,,-,.01,-,-.48,-,,
2.42,1.73,1.895,1.895,PPC,Peet,1.895,-,370,1.895,1.90,8.50,f,1.67,-,4.49,14.20,13.3,,
.80,.21,.23,.225,PSH,Penrice Soda,.225,-.5,338,.23,.235,-,,-,.79,-,1.24,18.1,,
39.39,27.11,29.79,29.28,PPT,Perpetual,29.50,+14,1191,29.40,29.52,200.00,f,.95,-,6.78,189.90,15.5,,
.835,.615,-,-,PET,Peters MacGregor,.79,-,-,.79,.815,2.00,,5.68,1.08,2.53,11.36,7.0,,
.015,.006,.013,.012,PNO,Pharmanet Grp,.012,-,114480,.012,.013,-,,-,-,-,-.15,-,,
.007,.001,-,-,PNOO,  opt jun11,.002,-,-,.001,.002,-,,-,-,-,-,-,,
.092,.016,-,-,PAA,PharmAust,.03,-,-,.028,.029,-,,-,.02,-,-.21,-,,
.025,.001,.002,.002,PAAO,  opt mar12,.002,-.1,500,.002,.004,-,,-,-,-,-,-,,
3.41,1.655,2.77,2.66,PXS,Pharmaxis,2.68,+3,2588,2.60,2.71,-,,-,.34,-,-21.00,-,,
2.50,1.20,-,-,PHI,Phileo Aust,2.45,-,-,2.05,2.60,5.00,,.90,2.58,2.04,4.51,54.3,,
.11,.052,.055,.052,PHK,Phoslock Water,.055,+.3,4576,.05,.055,-,,-,.01,-,-1.05,-,,
.18,.085,.105,.10,POH,Phosphagenics,.105,-,9081,.10,.105,-,,-,.01,-,-1.52,-,,
.007,.002,-,-,PTO,Photo-Me Aust,.005,-,-,.004,.005,-,,-,-,-,-.09,-,,
.001,.001,-,-,PTOO,  opt jul11,.001,-,-,-,.001,-,,-,-,-,-,-,,
1.37,.055,.07,.069,PGA,Photon Grp,.069,-,904,.069,.07,3.00,,-,-.12,43.48,-32.84,-,,
.099,.042,.068,.064,PYC,Phylogica,.068,-,6095,.066,.068,-,,-,-,-,-1.29,-,,
.02,.003,-,-,PYCO,  opt aug11,.007,-,-,.006,.007,-,,-,-,-,-,-,,
.034,.018,.02,.02,PIE,pieNETWORKS,.02,-,8100,.02,.021,-,,-,-,-,-.32,-,,
.89,.405,-,-,PLB,Plan B Grp Hldgs,.45,-,-,.43,.49,3.90,f,1.13,.13,8.67,4.40,10.2,,
.37,.17,-,-,PPN,Planet Platinum,.275,-,-,.275,.36,3.97,,.85,.21,14.44,3.39,8.1,,
5.48,4.43,4.83,4.75,PTM,Platinum Asset,4.82,+6,4710,4.75,4.83,24.00,f,1.08,-,4.98,25.90,18.6,,
1.55,1.25,1.31,1.30,PMC,Platinum Capital,1.31,+1,334,1.30,1.31,9.00,f,-,1.26,6.87,-3.29,-,,
1.07,.50,.73,.715,PMP,PMP,.72,-,414,.715,.73,1.00,,-,.75,1.39,-2.30,-,,
.25,.077,.08,.08,PBD,Port Bouvard,.08,-,767,.077,.08,-,,-,.23,-,-7.12,-,,
.05,.021,-,-,PWR,Powerlan,.027,-,-,.024,.027,-,,-,-.05,-,.97,2.8,,
.49,.265,-,-,PPK,PPK Grp,.325,-,-,.325,.33,2.00,f,-,.56,6.15,-7.30,-,,
.29,.115,.265,.265,PPS,Praemium,.265,-.5,1900,.26,.27,-,,-,.02,-,-,-,,
.38,.11,.245,.235,PBT,Prana Biotech,.245,-,7297,.24,.25,-,,-,.01,-,-2.75,-,,
7.604,5.77,6.30,6.17,PMV,Premier Invest,6.30,+12,4271,6.23,6.30,36.00,f,1.38,2.42,5.71,49.68,12.7,,
.805,.65,.74,.725,PRV,Premium Investors,.73,+.5,562,.73,.74,7.00,f,1.24,.95,9.59,8.70,8.4,,
.285,.08,.285,.265,PRR,Prima BioMed,.27,-1,461989,.27,.275,-,,-,.02,-,-2.58,-,,
.265,.06,.265,.245,PRRO,  opt dec11,.26,-,2931,.25,.255,-,,-,-,-,-,-,,
4.56,2.72,3.13,3.02,PRY,Primary Health Care,3.13,+11,27093,3.10,3.14,13.00,f,1.18,-1.33,4.15,15.40,20.3,,
.275,.15,.16,.16,PFG,Prime Financial,.16,-,1725,.16,.17,1.50,f,1.58,.11,9.38,2.37,6.8,,
.84,.525,.70,.69,PRT,Prime Media Grp,.70,-,41712,.69,.70,3.50,f,-,-.21,5.00,-9.90,-,,
1.61,1.015,1.515,1.50,PAG,PrimeAg Aust,1.505,-,1048,1.50,1.52,-,,-,1.27,-,-4.19,-,,
.01,.005,-,-,PHW,Prince Hill Wines,.006,-,-,.004,.007,-,,-,-,-,-1.87,-,,
.72,.30,.31,.30,PME,Pro Medicus,.30,-1,437,.30,.33,2.00,,1.68,.05,6.67,3.35,9.0,,
.02,.009,-,-,PCC,Probiomics,.01,-,-,.01,.012,-,,-,-,-,-.03,-,,
1.78,.54,.58,.58,PBP,Probiotec,.58,-,281,.57,.58,2.00,,3.94,.82,3.45,7.88,7.4,,
.60,.28,.34,.34,PGL,Progen Pharma,.34,+.5,532,.34,.36,-,,-,.48,-,-43.79,-,,
3.62,1.03,1.72,1.69,PRG,Programmed Maint,1.705,+.5,6101,1.69,1.705,9.00,f,1.10,.76,5.28,9.90,17.2,,
.38,.275,-,-,PPG,Pro-Pac Packaging,.33,-,-,.29,.325,2.00,f,1.89,-,6.06,3.78,8.7,,
.48,.23,.25,.25,PRO,Prophecy Int'l,.25,-1.5,208,.25,.265,1.00,,.57,.11,4.00,.57,43.9,,
6.79,3.36,-,-,PVA,pSivida Corp cdi,4.00,-,-,3.74,4.50,-,,-,-,-,35.85,11.2,,
.24,.16,-,-,PTB,PTB Grp,.20,-,-,.20,.25,-,,-,1.16,-,12.96,1.5,,
.05,.05,-,-,PHA,Public Hldgs,.05,-,-,.05,-,-,,-,.13,-,-2.98,-,,
.067,.032,.04,.04,PHG,Pulse Health,.04,-,310,.04,.043,-,,-,-.10,-,.81,4.9,,
.09,.026,.042,.042,QXQ,Q Limited,.042,-,313,.042,.045,-,,-,-.01,-,15.94,.3,,
.08,.041,.048,.048,QTG,Q Technology,.048,-,320,.047,.048,-,,-,.02,-,-.12,-,,
.002,.001,-,-,QTGOA,  opt jun12,-,-,-,-,.001,-,,-,-,-,-,-,,
.029,.01,-,-,QNA,Qanda Tech,.011,-,-,.004,.015,-,,-,-,-,-.64,-,,
3.02,2.05,2.21,2.17,QAN,Qantas Airways,2.19,+4,199887,2.18,2.19,-,,-,2.42,-,12.90,17.0,,
22.24,16.09,18.06,17.86,QBE,QBE Insurance Grp,17.90,-4,75671,17.86,17.93,128.00,p,.95,-,7.15,121.72,14.7,,
.435,.205,-,-,QTI,Qld Trustees Invest,.26,-,-,.26,.30,-,,-,.56,-,-3.85,-,,
.305,.145,.20,.20,QML,QMASTOR,.20,+1.5,838,.20,.22,.50,,2.74,.03,2.50,1.37,14.6,,
3.42,2.53,3.42,3.29,QRN,QR National,3.41,+12,131364,3.40,3.42,-,,-,-,-,11.37,30.0,,
1.67,.845,1.545,1.495,QRX,QRxPharma,1.50,-1,3281,1.50,1.55,-,,-,.17,-,-24.00,-,,
.165,.058,.06,.06,QTM,Quantum Energy,.06,-,315,.067,.069,-,,-,.02,-,-.17,-,,
1.68,.775,1.59,1.505,QUB,Qube Logistics unt,1.53,-1.5,14522,1.52,1.55,3.40,f,3.25,.99,2.22,11.04,13.9,,
.092,.068,-,-,QST,Quest Invest,.084,-,-,.085,-,-,,-,.17,-,1.37,6.1,,
.064,.025,-,-,QNL,Quest Minerals,.041,-,-,.042,.046,-,,-,-,-,-.71,-,,
.165,.115,-,-,QUE,Queste Comms,.15,-,-,.15,.185,-,,-,1.21,-,-4.36,-,,
.08,.028,-,-,QSS,Questus,.04,-,-,.04,.105,-,,-,.13,-,-.84,-,,
.074,.03,.06,.06,QFX,Quickflix,.06,-,100,.055,.06,-,,-,.01,-,-1.50,-,,
.555,.23,.36,.355,QHL,Quickstep Hldgs,.355,-,1992,.35,.355,-,,-,.08,-,-5.58,-,,
.70,.525,-,-,RBV,Rabinov Prop Tr unt,.70,-,-,.67,.70,8.75,,.78,.99,12.50,6.83,10.2,,
18.97,13.01,18.84,18.55,RHC,Ramsay Health Care,18.77,+12,4192,18.42,18.85,47.50,f,1.66,-,2.53,78.80,23.8,,
.032,.014,.014,.014,RZR,Razor Risk Tech,.014,-,300,.015,.017,-,,-,.01,-,.36,3.9,,
.70,.403,.655,.655,RCG,RCG Corp,.655,-,8350,.645,.655,2.50,f,1.34,.09,3.82,3.35,19.6,,
.092,.055,.061,.061,RLG,RCL Grp stp,.061,+.3,800,.058,.064,-,,-,.49,-,-14.30,-,,
1.75,.74,1.695,1.67,RCR,RCR Tomlinson,1.67,-3,3032,1.67,1.68,3.00,,4.50,.91,1.80,13.50,12.4,,
13.26,9.50,13.26,12.92,REA,REA Grp,13.00,-,756,12.97,13.30,26.00,f,1.77,.81,2.00,46.00,28.3,,
.132,.053,.057,.054,RCU,Real Estate Cap unt,.055,-.2,13129,.054,.055,2.05,,-,.20,37.27,-6.73,-,,
2.65,1.82,2.58,2.55,RKN,Reckon,2.57,-,273,2.56,2.58,8.00,p,1.55,.02,3.11,12.40,20.7,,
.006,.001,.003,.003,RFT,Rectifier Technologies,.003,+.1,1500,.002,.003,-,,-,.01,-,-.12,-,,
.41,.081,.175,.175,RPF,Redcape Prop Grp stp,.175,-2.5,46,.17,.18,-,,-,-,-,-58.94,-,,
2.63,1.51,2.55,2.54,RDF,Redflex Hldgs,2.55,-,4323,2.54,2.55,5.00,,.33,.75,1.96,1.67,152.7,,
1.75,1.13,1.25,1.21,RFX,RedFlow,1.225,+.5,302,1.225,1.30,-,,-,.61,-,-9.20,-,,
1.24,.175,.195,.19,RDH,RedHill Education,.19,-,1000,.18,.19,-,,-,.10,-,-.17,-,,
.025,.014,-,-,RLA,Redisland Aust,.014,-,-,.014,.017,-,,-,.03,-,.35,4.0,,
26.35,20.50,22.50,22.39,REH,Reece Aust,22.39,-10,22,22.05,22.39,59.00,f,1.98,6.19,2.64,117.00,19.1,,
2.08,1.60,1.73,1.72,RCT,Reef Casino Tr unt,1.73,+1,129,1.73,1.80,20.00,,.77,1.98,11.56,15.40,11.2,,
.078,.035,-,-,RGP,Refresh Grp,.04,-,-,.012,.039,-,,-,.02,-,-1.11,-,,
1.26,.95,1.005,.99,REX,Regional Express,.995,+.5,802,.99,.995,6.60,,3.31,1.28,6.63,21.87,4.5,,
3.985,2.88,2.94,2.90,RMD,ResMed Inc cdi,2.91,-3,103382,2.91,2.92,-,,-,8.70,-,24.01,12.1,,
.045,.015,.024,.024,RHT,Resonance Health,.024,-.1,208,.023,.024,-,,-,.01,-,-.11,-,,
.18,.081,-,-,REZ,Resources & Energy Grp,.12,-,-,.12,.135,-,,-,.12,-,3.33,3.6,,
.74,.28,.665,.65,RQL,Resolute Equipment,.665,-,721,.66,.665,-,,-,.22,-,5.97,11.1,,
3.00,2.11,2.90,2.78,RFG,Retail Food Grp,2.89,-1,848,2.80,2.89,13.50,f,1.90,-.54,4.67,25.70,11.2,,
1.38,1.12,1.355,1.35,RVA,REVA Medical cdi,1.35,-3,591,1.30,1.38,-,,-,-,-,-,-,,
.195,.069,.084,.072,REF,Reverse Corp,.072,-1.2,2000,.073,.075,1.00,,2.20,.04,13.89,2.20,3.3,,
.375,.015,.10,.095,RGM,RGM Media,.10,-,2025,.10,.105,-,,-,-.01,-,-1.27,-,,
.27,.075,.22,.22,RHE,Rheochem Plc cdi,.22,-,30,.185,.26,-,,-,.14,-,1.73,12.7,,
1.095,.59,1.035,.985,RHG,RHG,.995,-1.5,10744,.995,1.01,-,,-,1.16,-,29.30,3.4,,
.13,.05,.07,.06,RIS,Richfield Int'l,.07,+1,220,.027,.10,-,,-,.11,-,-.40,-,,
1.37,1.08,1.165,1.145,RIC,Ridley Corp,1.16,+1,34994,1.16,1.17,7.50,,1.31,.85,6.47,9.80,11.8,,
.145,.09,.115,.11,RNY,RNY Prop Tr unt,.11,-.5,1650,.11,.115,-,,-,.32,-,-9.64,-,,
.03,.005,.012,.012,ROB,Robe Aust,.012,-.1,1665,.011,.014,-,,-,-,-,.21,5.7,,
3.00,2.35,2.41,2.40,ROK,Rock Bldg Society perm. ord,2.41,+2,192,2.41,2.42,15.00,f,1.44,2.07,6.22,21.60,11.2,,
.26,.20,-,-,RIG,Rongtai Int'l Grp,.24,-,-,.24,.25,-,,-,-,-,2.84,8.5,,
.85,.33,-,-,RHD,Ross Human Direction,.85,-,-,-,-,2.00,,3.35,.28,2.35,6.70,12.7,,
1.68,.82,1.675,1.675,RPX,RP Data,1.675,-.5,280,1.675,1.68,1.50,,3.87,-.45,.90,5.81,28.8,,
.061,.026,.04,.04,RUB,Rubicor Grp,.04,-.5,15,.04,.044,-,,-,-.65,-,-4.90,-,,
.08,.05,.055,.055,RFL,Rubik Financial,.055,-,642,.055,.058,-,,-,.08,-,-6.68,-,,
.125,.037,-,-,RNC,RUN Corp,.10,-,-,.095,.10,-,,-,-.30,-,-4.00,-,,
.85,.385,.465,.46,RUL,Runge,.46,-,330,.46,.465,1.00,,2.00,.11,2.17,2.00,23.0,,
.18,.09,-,-,RUR,Ruralaus Invest,.18,-,-,.145,.18,-,,-,.28,-,-2.09,-,,
3.06,2.40,2.96,2.95,RHL,Ruralco Hldgs,2.95,-,300,2.95,3.00,16.00,f,1.37,1.80,5.42,21.91,13.5,,
25.94,25.03,-,-,RVL,Russell Aus Val Etf etf unt,25.94,-,-,26.38,26.45,-,,-,-,-,-,-,,
26.56,22.90,25.76,25.53,RDV,Russell High Div etf unt,25.76,+29,267,25.53,25.75,-,,-,-,-,-,-,,
.052,.03,-,-,SAP,Sabina Corp,.03,-,-,-,.25,-,,-,.09,-,-1.81,-,,
.835,.275,.30,.28,SRH,Saferoads Hldgs,.28,-2,4431,.28,.29,-,,-,.41,-,-1.26,-,,
.185,.013,.018,.018,SFP,Safety Medical,.018,-,8294,.018,.019,-,,-,-,-,-.53,-,,
5.00,3.707,4.95,4.81,SAI,SAI Global,4.95,+10,1057,4.85,4.97,13.30,f,1.62,-1.03,2.69,21.50,23.0,,
4.98,3.55,3.70,3.65,SLM,Salmat,3.66,-,3987,3.62,3.84,24.00,f,1.26,-1.22,6.56,30.13,12.1,,
.60,.335,.55,.54,SND,Saunders Int'l,.55,+2,252,.53,.55,4.00,f,1.01,.21,7.27,4.06,13.5,,
.16,.072,.09,.09,SAV,Savcor Grp,.09,-,75,.09,.091,-,,-,.11,-,-5.98,-,,
.41,.20,-,-,SCD,Scantech,.38,-,-,.36,.38,-,,-,.36,-,2.11,18.0,,
6.20,3.50,3.55,3.50,SFC,Schaffer Corp,3.50,-5,91,3.53,3.65,30.00,f,.69,3.36,8.57,20.70,16.9,,
.30,.089,-,-,SIE,SciGen cdi,.10,-,-,.11,.135,-,,-,-.09,-,-1.74,-,,
.525,.30,-,-,SCC,Scott Corp,.40,-,-,.40,.45,2.50,f,2.20,.41,6.25,5.50,7.3,,
.26,.16,.16,.16,SDI,SDI,.16,-1,523,.15,.17,.40,,4.95,.20,2.50,1.98,8.1,,
2.37,1.07,1.83,1.735,SDM,Sedgman,1.825,+7.5,4897,1.82,1.83,6.50,f,1.95,.46,3.56,12.70,14.4,,
8.57,6.06,6.69,6.48,SEK,Seek,6.69,+16,16030,6.56,6.70,13.50,f,2.21,.78,2.02,29.80,22.4,,
4.352,2.85,3.05,3.01,SHV,Select Harvests,3.04,+6,149,2.96,3.05,21.00,f,1.93,2.26,6.91,40.50,7.5,,
.015,.002,.008,.008,SLT,Select Vaccines,.008,-,6183,.008,.009,-,,-,-,-,-.11,-,,
.011,.002,-,-,SLTO,  opt jul13,.006,-,-,.006,.007,-,,-,-,-,-,-,,
.059,.024,.029,.028,SEN,Senetas Corp,.029,-,5185,.029,.03,-,,-,.02,-,-.23,-,,
3.86,2.57,2.94,2.85,SRV,Servcorp,2.90,+5,43,2.81,2.90,10.00,f,.11,1.87,3.45,1.10,263.6,,
.79,.23,.66,.645,SSM,Service Stream,.65,-,7911,.65,.67,-,,-,.13,-,5.59,11.6,,
9.44,5.41,9.09,8.83,SVW,Seven Grp Hldgs,9.00,+15,1938,8.68,9.02,36.00,f,1.12,5.58,4.00,40.46,22.2,,
2.80,.99,2.38,2.32,SWL,Seymour White,2.32,-4,106,2.32,2.34,7.50,f,.87,.42,3.23,6.50,35.7,,
3.00,2.44,-,-,SHR,Shearer (John) Hldgs,2.50,-,-,2.23,2.50,12.00,f,.44,3.36,4.80,5.24,47.7,,
.51,.38,-,-,SHU,Shenhua Int'l,.38,-,-,.39,.41,2.50,,4.20,.36,6.58,10.50,3.6,,
4.50,3.75,-,-,SSL,Sietel,4.25,-,-,3.75,4.50,-,,-,6.40,-,11.16,38.1,,
1.05,1.05,-,-,SSLPA,  5% cum pf,1.05,-,-,1.02,-,-,,-,-,-,-,-,,
.56,.34,.49,.46,SIP,Sigma Pharmaceutical,.485,+2,312860,.48,.485,-,f,-,.69,-,-20.20,-,,
.377,.269,.29,.285,SGI,Signature Capital,.285,-,1160,.285,.29,3.00,,-,.40,10.53,-2.40,-,,
7.10,3.93,4.70,4.55,SLX,Silex Systems,4.61,-14,2024,4.60,4.75,-,,-,.80,-,-13.40,-,,
4.28,2.10,3.40,3.31,SIV,Silver Chef,3.40,+15,666,3.33,3.40,19.00,f,1.26,1.22,5.59,24.01,14.2,,
23.43,15.23,17.79,17.34,SGM,Sims Metal Mgt,17.55,+31,10041,17.45,17.70,35.00,p,1.93,8.51,1.99,67.70,25.9,,
2.66,2.22,2.30,2.25,SGT,Singapore Tel cdi,2.28,+1,37598,2.27,2.30,11.68,,1.59,.67,5.12,18.57,12.3,,
.045,.017,-,-,SIU,Sirius Corp,.02,-,-,.03,.04,-,,-,-,-,-1.07,-,,
6.25,4.40,5.57,5.33,SRX,Sirtex Medical,5.40,-,419,5.38,5.45,7.00,,2.69,.91,1.30,18.80,28.7,,
.22,.05,-,-,SIT,Site Grp Int'l,.19,-,-,.18,.19,-,,-,.09,-,-7.32,-,,
2.06,1.026,1.935,1.915,SKE,Skilled Grp,1.92,-1,4441,1.87,1.935,-,,-,-.29,-,3.26,58.9,,
2.68,2.11,2.48,2.46,SKC,Sky City Entertain,2.48,-,260,2.46,2.48,13.26,,1.00,.48,5.35,13.30,18.6,,
4.35,3.57,-,-,SKT,Sky Network TV,4.03,-,-,4.06,4.14,11.59,,1.96,-,2.88,22.68,17.8,,
.53,.235,.50,.49,SXR,Skywest Airlines cdi,.50,+.5,1350,.49,.50,.85,,4.46,.19,1.70,3.79,13.2,,
2.36,1.38,2.19,2.13,SGH,Slater & Gordon,2.19,+1,261,2.16,2.19,5.20,f,3.58,.91,2.37,18.60,11.8,,
.044,.015,.029,.028,SMA,SmartTrans Hldgs,.029,+.1,21487,.028,.029,-,,-,-,-,-.15,-,,
7.44,5.12,6.53,6.42,SMX,SMS Management,6.53,+11,1871,6.41,6.58,30.00,f,1.49,.67,4.59,44.60,14.6,,
.455,.345,-,-,SNO,Snowball Grp,.36,-,-,.36,.375,3.50,f,.72,-.01,9.72,2.52,14.3,,
.275,.008,.016,.015,SOI,Soil Sub Tech,.015,-,20000,.014,.017,-,,-,-,-,6.80,.2,,
.22,.083,.11,.105,SLA,Solagran,.11,+.5,1258,.105,.11,-,,-,.04,-,-1.89,-,,
.135,.06,.105,.10,SOO,Solco,.10,+.4,3200,.10,.11,.37,,5.62,.06,3.70,2.08,4.8,,
1.155,.74,-,-,SOM,SomnoMed,1.10,-,-,1.10,1.14,-,,-,.12,-,1.14,96.5,,
14.58,9.53,11.50,11.26,SHL,Sonic Healthcare,11.49,+29,25595,11.36,11.49,59.00,p,1.19,-2.21,5.13,70.30,16.3,,
15.235,11.669,12.62,12.48,SOL,Soul Pattinson,12.59,-5,458,12.49,12.60,35.00,f,4.54,11.64,2.78,158.79,7.9,,
.11,.076,.081,.08,SOE,Souls Private Equity,.08,-.1,1180,.08,.081,-,,-,.18,-,-.71,-,,
.025,.012,.013,.013,SOEOA,  opt feb15,.013,-,135,.012,.014,-,,-,-,-,-,-,,
.975,.76,.87,.86,SPN,SP AusNet stp,.865,-,65447,.86,.865,8.00,p,1.09,.91,9.25,8.72,9.9,,
1.283,1.035,1.12,1.105,SKI,Spark Infrastructure stp,1.11,+.5,37137,1.105,1.115,13.54,,.55,1.68,12.20,7.40,15.0,,
47.63,39.22,46.00,45.40,STW,SPDR 200 Fund etf unt,45.86,+63,3476,45.50,45.90,147.59,p,-,44.60,3.22,-92.69,-,,
50.18,40.54,47.12,46.53,SFY,SPDR 50 Fund etf unt,47.02,+67,122,44.50,50.44,206.79,p,-,45.40,4.40,-64.28,-,,
8.48,7.37,8.05,7.99,SLF,SPDR Prop Fd etf unt,8.05,+3,517,7.81,8.29,54.69,,-,7.69,6.79,-11.62,-,,
25.69,23.68,25.13,24.80,SYI,SPDR MSCI Aus Sel HDY etf unt,25.10,+38,31,24.70,28.49,45.63,p,-,.25,1.82,-10.56,-,,
1.53,1.00,1.10,1.045,SFH,Specialty Fashion,1.06,+1.5,2539,1.05,1.10,8.00,f,1.35,.26,7.55,10.80,9.8,,
2.95,1.655,1.975,1.915,SPT,Spotless Grp,1.97,+6,7638,1.905,1.99,11.00,p,1.25,-,5.58,13.80,14.3,,
.32,.021,-,-,STG,Staging Connections,.18,-,-,.145,.16,-,,-,-.45,-,-9.29,-,,
.016,.007,-,-,SFN,Stanfield Funds,.008,-,-,.007,.008,-,,-,-,-,.20,4.0,,
1.22,.46,1.18,1.14,SPL,Starpharma Hldgs,1.17,+4,6321,1.17,1.175,-,,-,.08,-,-3.38,-,,
30.00,17.00,28.60,28.60,SST,Steamships Trading,28.60,+60,6,28.00,28.60,49.70,,2.81,.06,1.74,139.85,20.5,,
2.20,1.30,-,-,STP,SteriHealth,1.75,-,-,1.68,1.88,7.00,,3.23,-.09,4.00,22.60,7.7,,
.05,.02,.035,.035,SBI,Sterling Biofuels,.035,-,200,.035,.057,-,,-,.04,-,-5.88,-,,
1.45,.90,1.055,1.05,SXE,Sthn Cross Elect Engnr,1.05,-1,257,1.05,1.07,4.50,,.09,.16,4.29,.41,256.1,,
2.35,1.54,1.69,1.665,SXL,Sthn Cross Media,1.685,+3,8161,1.65,1.695,13.20,f,2.94,-.06,7.83,38.83,4.3,,
.014,.004,.004,.004,STI,Stirling Products,.004,-.1,13390,.004,.005,-,,-,-.01,-,1.63,.2,,
4.15,3.44,3.76,3.73,SGP,Stockland stp,3.74,-,139887,3.72,3.76,22.80,,1.27,3.63,6.10,29.00,12.9,,
.26,.076,-,-,SKS,Stokes (A'asia),.26,-,-,.25,-,-,,-,.46,-,3.40,7.6,,
.061,.033,.053,.052,STE,Stratatel,.053,-,1400,.046,.053,.40,,.35,.01,7.55,.14,37.9,,
.015,.003,-,-,STEO,  opt sep11,.006,-,-,-,.005,-,,-,-,-,-,-,,
.135,.08,-,-,SPD,Strategic Pooled,.10,-,-,.09,.10,-,,-,.13,-,-1.55,-,,
.023,.002,-,-,SRA,Strathfield Grp,.003,-,-,.002,.003,-,,-,-,-,.02,15.0,,
.021,.005,-,-,SMN,Structural Monitor cdi,.01,-,-,.009,.01,-,,-,-,-,-.34,-,,
.009,.003,-,-,SMNOA,  opt jul13,.003,-,-,.002,.003,-,,-,-,-,-,-,,
.95,.435,.795,.75,STS,Structural Systems,.75,-3,738,.75,.77,4.00,f,3.25,.78,5.33,13.00,5.8,,
1.375,.76,1.21,1.20,SGN,STW Comms,1.21,+1.5,1874,1.205,1.21,6.50,f,1.66,-,5.37,10.81,11.2,,
.03,.011,-,-,SYP,Style,.016,-,-,.013,.017,-,,-,.01,-,-1.66,-,,
.015,.005,-,-,SGU,Success Res Global,.011,-,-,.004,.011,-,,-,-,-,-.31,-,,
.002,.001,-,-,SBN,Sun Biomedical,.001,-,-,.001,.002,-,,-,-,-,-.01,-,,
9.76,7.56,8.37,8.16,SUN,Suncorp Grp,8.36,+17,35960,8.33,8.36,35.00,f,1.44,.01,4.19,50.35,16.6,,
.83,.605,.70,.69,SDG,Sunland Grp,.695,+1,1494,.69,.70,-,,-,1.49,-,6.80,10.2,,
.047,.022,.036,.035,SHC,Sunshine Heart cdi,.035,-.3,1001,.035,.039,-,,-,.01,-,-1.60,-,,
.535,.275,-,-,SVS,Sunvest Corp,.51,-,-,.051,.795,-,,-,1.98,-,-.14,-,,
7.09,4.87,6.90,6.71,SUL,Super Retail Grp,6.85,-,445,6.84,6.95,24.50,f,1.63,1.32,3.58,39.90,17.2,,
.53,.289,-,-,SNL,Supply Net,.48,-,-,.45,.48,4.00,f,1.75,.39,8.33,7.00,6.9,,
.515,.275,.335,.325,SWK,Swick Min Services,.335,+.5,908,.33,.335,-,,-,.39,-,-5.14,-,,
3.89,3.18,3.25,3.25,SYL,Sylvastate,3.25,+2,3,3.22,3.25,21.00,f,.54,3.66,6.46,11.28,28.8,,
.63,.46,.50,.495,SYM,Symex Hldgs,.50,+.5,706,.50,.505,4.00,f,1.45,.30,8.00,5.81,8.6,,
.045,.02,-,-,SNR,Synergy Plus,.026,-,-,-,-,-,,-,-.10,-,-3.51,-,,
7.70,6.106,7.56,7.41,TAH,Tabcorp Hldgs,7.55,+4,30036,7.45,7.55,49.00,f,1.56,-,6.49,76.20,9.9,,
.22,.10,-,-,TAG,Tag Pacific,.10,-,-,.10,.13,-,,-,.25,-,-7.56,-,,
1.75,1.25,1.69,1.655,TWO,Talent2 International,1.69,+3,2032,1.67,1.69,4.00,,1.33,-.07,2.37,5.33,31.7,,
2.97,2.20,-,-,TWD,Tamawood,2.86,-,-,2.74,2.80,21.00,f,.94,.94,7.34,19.77,14.5,,
.58,.30,.50,.50,TAN,Tandou,.50,-,50,.50,.53,-,,-,.50,-,6.80,7.4,,
1.81,1.355,1.71,1.69,TGR,Tassal Grp,1.705,+.5,879,1.70,1.72,2.00,,9.36,1.51,1.17,18.72,9.1,,
2.60,2.108,2.34,2.30,TTS,Tatts Grp,2.32,-,57626,2.31,2.33,10.50,f,.91,-1.15,4.53,9.60,24.2,,
.068,.031,.036,.036,TCN,Techniche,.036,-,875,.036,.039,-,,-,.01,-,.32,11.2,,
1.034,.743,.97,.95,TNE,Technology One,.97,+1,433,.95,.97,4.20,f,1.41,.16,4.33,5.93,16.4,,
.14,.04,-,-,TPC,Tel Pacific,.08,-,-,.052,.083,.80,f,-,.02,10.00,-.71,-,,
1.82,1.435,1.50,1.475,TEL,Telecom Corp of NZ,1.48,+1,31448,1.47,1.48,13.64,,.90,.56,9.22,12.21,12.1,,
.053,.01,-,-,TEO,Telesso Tech,.032,-,-,.026,.04,-,,-,-,-,-1.39,-,,
.102,.045,.10,.06,TLZ,Telezon,.10,+4.5,1998,.10,.15,-,,-,.01,-,-1.10,-,,
3.46,2.55,2.81,2.77,TLS,Telstra Corp,2.80,+4,759146,2.79,2.80,28.00,f,.93,.36,10.00,26.00,10.8,,
.839,.721,.79,.79,TGG,Templeton Global,.79,+1,370,.785,.79,2.00,,.50,.97,2.53,1.00,79.0,,
1.850,1.10,1.31,1.25,TEN,Ten Network Hldgs,1.28,-.5,45308,1.275,1.295,6.00,,2.40,-.26,4.69,14.40,8.9,,
1.072,.748,.82,.805,TFC,TFS Corp,.815,+.5,1294,.815,.825,4.75,f,3.71,.75,5.83,17.64,4.6,,
.55,.355,.495,.49,THG,Thakral Hldgs unt,.49,-.5,1210,.49,.505,-,,-,1.05,-,2.78,17.6,,
18.99,11.52,12.33,12.14,TRS,The Reject Shop,12.25,+15,861,12.14,12.31,51.00,f,1.53,2.24,4.16,78.00,15.7,,
6.85,5.41,6.10,6.10,TRU,The Trust Company,6.10,-,26,6.10,6.18,33.50,f,1.00,2.30,5.49,33.60,18.2,,
1.023,.519,.88,.865,TSM,ThinkSmart,.865,-1.5,4014,.865,.875,3.50,p,1.86,.23,4.05,6.52,13.3,,
.463,.21,.23,.23,THO,Thomas & Coffey,.23,+.5,20,.23,.24,-,,-,.09,-,-11.28,-,,
2.30,.96,2.12,2.05,TGA,Thorn Grp,2.11,+2,2526,2.06,2.14,7.30,f,2.09,.56,3.46,15.27,13.8,,
.27,.20,-,-,TDI,Tidewater Invest,.245,-,-,.245,.27,1.00,f,-,.23,4.08,-2.00,-,,
.60,.365,.595,.59,TSO,Tishman Speyer unt,.59,-.5,2076,.59,.595,-,,-,.68,-,5.16,11.4,,
.80,.125,.695,.675,TIS,Tissue Therapies,.695,+.5,1503,.68,.695,-,,-,.03,-,-3.81,-,,
.38,.205,-,-,TMA,TMA Grp of Companies,.27,-,-,.22,.27,-,,-,.01,-,3.58,7.5,,
7.54,5.34,5.95,5.88,TOL,Toll Hldgs,5.93,+3,34406,5.92,5.94,25.00,f,1.91,1.34,4.22,47.80,12.4,,
3.95,1.955,3.94,3.92,TAL,Tower Aust,3.94,+2,43084,3.93,3.94,5.75,f,3.97,1.33,1.46,22.80,17.3,,
1.59,1.24,-,-,TWR,Tower,1.35,-,-,1.30,1.41,7.87,,2.16,1.21,5.83,17.01,7.9,,
2.68,1.955,2.10,2.03,TOX,Tox Free Solutions,2.10,+3,947,2.05,2.10,2.00,,3.99,.70,.95,7.99,26.3,,
2.58,1.25,1.66,1.61,TPM,TPG Telecom,1.625,-3,10953,1.615,1.63,4.25,f,1.88,-.11,2.62,8.00,20.3,,
.028,.013,-,-,TPL,TPL Corp,.02,-,-,.02,.021,-,,-,.01,-,-.19,-,,
1.18,.75,1.14,1.14,TGP,Trafalgar Corp stp,1.14,-,89,1.14,1.15,-,,-,1.57,-,-.40,-,,
.043,.023,.033,.033,TTI,Traffic Tech,.033,-.3,1400,.033,.034,-,,-,-.10,-,-.73,-,,
.049,.02,-,-,TSN,Transaction Solutions,.035,-,-,.037,.037,-,,-,.01,-,-.36,-,,
.921,.52,.65,.59,TSI,Transfield Serv Infr stp,.615,+1.5,20805,.615,.62,8.10,,-,.94,13.17,-8.80,-,,
4.091,2.795,3.23,3.15,TSE,Transfield Services,3.22,+6,18577,3.21,3.22,14.00,f,.80,.08,4.35,11.18,28.8,,
.550,.414,-,-,TCO,Transmetro Corp,.70,-,-,.42,-,3.00,,9.05,1.26,4.29,27.14,2.6,,
.008,.002,.003,.003,TNC,Transol Corp,.003,-,5000,.002,.003,-,,-,-,-,-.10,-,,
.002,.001,-,-,TNCOA,  opt may11,.001,-,-,-,.001,-,,-,-,-,-,-,,
1.50,.92,1.14,1.115,TPI,Transpacific Indust,1.125,-,26401,1.11,1.14,-,,-,-.21,-,6.70,16.8,,
5.45,4.13,5.41,5.29,TCL,Transurban Grp stp,5.41,+9,32033,5.40,5.44,25.00,,.24,2.73,4.62,5.90,91.7,,
.26,.14,-,-,TFS,Tranzact Fin Service,.26,-,-,.21,.26,.60,f,2.33,.06,2.31,1.40,18.6,,
.005,.001,-,-,TFSOA,  opt oct12,.005,-,-,.005,.025,-,,-,-,-,-,-,,
6.30,4.30,4.67,4.60,TRG,Treasury Grp,4.60,-8,239,4.53,4.70,28.00,f,1.62,2.53,6.09,45.46,10.1,,
.35,.30,-,-,TYO,Treyo Leisure,.335,-,-,-,.34,-,,-,.11,-,.88,38.1,,
.13,.05,.13,.125,TCQ,Trinity Grp stp,.13,-,286,.12,.13,-,,-,.18,-,-5.98,-,,
.765,.46,.75,.75,TJN,Trojan Equity,.75,+1,7,.74,.75,3.60,,5.42,.77,4.80,19.50,3.8,,
.155,.04,-,-,TSH,TSV Hldgs,.04,-,-,.022,.05,-,,-,.06,-,-15.12,-,,
.089,.046,-,-,TTA,TTA Hldgs,.047,-,-,.048,.052,.60,,-,.07,12.77,-1.77,-,,
.016,.005,.011,.01,TVN,TVN Corp,.011,+.1,9761,.01,.011,-,,-,-,-,-.16,-,,
.045,.023,.041,.038,TTV,Two Way,.039,+.9,25395,.038,.044,-,,-,-,-,-.34,-,,
.14,.046,.07,.06,TWT,TWT Grp,.06,-,1200,.06,.089,-,,-,.29,-,.17,35.3,,
.015,.005,.006,.006,TDX,Tyrian Diagnostics,.006,-,48108,.006,.007,-,,-,.01,-,-.79,-,,
.004,.001,.003,.003,TDXO,  opt dec13,.003,-,20000,.003,.004,-,,-,-,-,-,-,,
.823,.23,.27,.27,TZL,TZ,.27,-,782,.27,.275,-,,-,-.04,-,-33.15,-,,
15.96,12.72,15.96,15.72,UGL,UGL,15.86,+36,11425,15.70,15.96,67.00,f,1.40,.18,4.22,93.50,17.0,,
.30,.08,.085,.085,UCW,UnderCoverWear,.085,-,48,.085,.09,1.25,,-,.06,14.71,-21.10,-,,
1.35,.66,.905,.865,UNS,Unilife Corp cdi,.875,+3,15636,.87,.885,-,,-,.16,-,-104.09,-,,
.45,.255,.45,.45,UOS,United Overseas Aust,.45,-,22,.40,.45,2.00,,4.91,.65,4.44,9.81,4.6,,
1.75,1.23,1.35,1.35,UBI,Universal Biosensors cdi,1.35,-,102,1.30,1.35,-,,-,.30,-,-4.00,-,,
.147,.027,-,-,USH,US Masters Hldgs,.44,-,-,-,-,-,,-,.09,-,-5.69,-,,
.62,.20,-,-,UCM,USCOM,.30,-,-,.24,.295,-,,-,.06,-,-4.80,-,,
.735,.435,.645,.63,UXC,UXC,.645,+1.5,2076,.63,.645,-,,-,.01,-,-5.96,-,,
2.80,.96,1.20,1.15,VPG,Valad Property Grp forus,1.195,+1.5,809,1.17,1.195,-,,-,2.32,-,-46.60,-,,
8.08,7.16,-,-,VBP,Van Eyk Blueprint unt,8.00,-,-,8.00,8.08,46.00,,1.36,7.76,5.75,62.37,12.8,,
1.20,.679,.775,.775,VTP,Van Eyk Three Pillar,.775,-.5,38,.775,.805,25.00,f,-,.90,32.26,-13.47,-,,
.54,.20,.245,.235,VMG,VDM Grp,.245,+1,4073,.24,.245,2.00,,-,.39,8.16,-1.92,-,,
5.10,4.25,-,-,VELCP,Vealls capital,5.10,-,-,5.10,10.30,.50,,100.30,.07,.10,50.15,10.2,,
2.052,1.65,-,-,VELIN,  income,1.65,-,-,-,1.85,9.90,,-,-,6.00,-,-,,
3.00,3.00,-,-,VELPA,  7% cum pf,3.00,-,-,-,-,.70,,-,-,.23,-,-,,
.007,.002,-,-,VGP,Verticon Grp,.004,-,-,-,-,-,,-,-,-,-2.91,-,,
.044,.009,.01,.01,VIL,Verus Invest,.01,-,20714,.01,.011,-,,-,-,-,-.15,-,,
.004,.003,-,-,VILO,  opt mar12,.004,-,-,.003,-,-,,-,-,-,-,-,,
.16,.061,-,-,VES,Vesture,.15,-,-,-,.14,-,,-,-.02,-,-2.22,-,,
1.82,.25,.92,.92,VIA,Viagold Capital,.92,-,11,.92,.98,-,,-,.55,-,80.00,1.1,,
.25,.11,.175,.175,VIE,Viento Grp,.175,-1.5,40,.175,.205,-,,-,.23,-,4.96,3.5,,
.66,.225,-,-,VII,Vietnam Industrial,.50,-,-,-,.50,-,,-,.31,-,4.84,10.3,,
4.10,1.826,4.04,3.99,VRL,Village Roadshow,4.04,+4,517,4.00,4.04,8.00,p,7.42,-1.98,1.98,59.33,6.8,,
.065,.028,.044,.044,VLA,Viralytics,.044,+.3,5250,.043,.044,-,,-,.01,-,-.83,-,,
.098,.025,.026,.026,VHL,Virax Hldgs,.026,-.1,7979,.026,.027,-,,-,-,-,-.86,-,,
.73,.28,.32,.31,VBA,Virgin Blue Hldgs,.315,-,83104,.31,.315,-,,-,.41,-,-1.20,-,,
.58,.125,.195,.195,VGH,Vision Grp Hldgs,.195,-,128,.195,.20,2.50,,-,-.94,12.82,-75.89,-,,
.32,.20,.27,.27,VTG,Vita Grp,.27,-2.5,50,.275,.285,2.00,f,2.27,.01,7.41,4.55,5.9,,
.30,.10,-,-,VSC,Vita Life Sciences,.28,-,-,.27,.28,.50,f,16.44,.15,1.79,8.22,3.4,,
12.18,7.70,11.50,11.48,VTA,Viterra Inc cdi,11.50,+3,52,11.13,11.55,4.30,,9.09,-,.37,39.09,29.4,,
.165,.037,.04,.037,VMT,VMoto,.039,-,28221,.039,.04,-,,-,.02,-,-.96,-,,
50.63,38.64,47.36,47.36,VEU,Vngd All-World ex-US cdi,47.36,-4,6,47.48,54.30,-,,-,-,-,-,-,,
53.31,47.50,50.81,50.72,VAP,Vngd Aust Property etf unt,50.81,+12,15,50.68,50.89,-,,-,-,-,-,-,,
66.79,53.85,62.78,62.19,VAS,Vngd Aust Shares etf unt,62.60,+68,102,61.92,64.88,-,p,-,-,-,-,-,,
71.00,59.98,66.25,66.24,VTS,Vngd US Total Market cdi,66.24,+14,11,66.25,66.58,-,,-,-,-,-,-,,
2.90,.333,2.70,2.55,VOC,Vocus Comms,2.55,-11,1898,2.55,2.67,-,,-,-.11,-,31.95,8.0,,
.01,.004,-,-,WAG,WAG,.005,-,-,.005,.007,-,,-,-,-,-.10,-,,
.07,.020,-,-,WAB,Wallace Absolute,.058,-,-,.039,.058,-,,-,.03,-,-2.38,-,,
1.12,.87,-,-,WAA,WAM Active,1.06,-,-,1.05,1.06,7.00,f,.38,1.20,6.60,2.66,39.8,,
.03,.003,-,-,WAAO,  opt apr11,.003,-,-,-,.002,-,,-,-,-,-,-,,
1.675,1.12,1.62,1.61,WAM,WAM Capital,1.61,-1,301,1.605,1.62,9.00,f,1.67,1.76,5.59,15.01,10.7,,
.81,.613,.75,.725,WAX,WAM Research,.74,-,3197,.735,.76,5.60,f,1.07,.94,7.57,5.99,12.4,,
3.111,2.44,2.55,2.55,WHS,Warehouse Grp,2.55,+2,40,2.56,2.62,19.94,,.71,.73,7.82,14.11,18.1,,
4.60,2.745,4.32,4.32,WCB,Warrnambool Cheese,4.32,-7,4,4.32,4.35,12.00,f,7.13,3.20,2.78,85.60,5.0,,
.048,.009,.032,.03,WAS,Wasabi Energy,.031,-.2,10000,.03,.031,-,,-,-,-,-.52,-,,
.24,.089,.105,.105,WRG,Water Res Grp,.105,-,100,.105,.115,-,,-,-,-,-,-,,
1.65,.92,-,-,WAT,Waterco,1.40,-,-,1.425,1.55,9.00,f,1.51,-,6.43,13.60,10.3,,
1.95,1.185,1.585,1.54,WTP,Watpac,1.585,-.5,1157,1.54,1.585,8.00,f,1.40,1.45,5.05,11.16,14.2,,
.80,.065,.775,.775,WAL,Wavenet Int'l,.775,+1.5,50,.74,.77,-,,-,.39,-,-.03,-,,
.88,.315,.70,.675,WDS,WDS,.68,-1.5,3758,.67,.69,1.00,f,-,.56,1.47,-4.44,-,,
.265,.055,.15,.135,WFM,Webfirm Grp,.15,+.5,5362,.14,.15,-,,-,.03,-,-1.38,-,,
2.71,1.80,1.95,1.915,WEB,Webjet,1.94,-,3844,1.93,1.94,10.50,f,1.31,.45,5.41,13.72,14.1,,
.58,.32,.48,.48,WBA,Webster,.48,+1,60,.47,.51,-,,-,.88,-,-1.35,-,,
1.40,1.202,-,-,WBAPA,  9% cum pf,1.40,-,-,1.30,-,9.00,,-,-,6.43,-,-,,
2.60,1.70,-,-,WLL,Wellcom Grp,2.55,-,-,2.55,2.56,15.50,f,1.44,.56,6.08,22.26,11.5,,
.10,.06,-,-,WWM,Wentworth Hldgs,.075,-,-,.075,.079,.50,,3.42,-.02,6.67,1.71,4.4,,
35.26,27.09,32.46,31.82,WES,Wesfarmers,32.34,+59,33317,32.20,32.35,135.00,f,1.19,-,4.17,161.10,20.1,,
35.60,26.57,32.75,31.65,WESN,  part prot,32.67,+54,471,32.63,32.84,135.00,,-,-,4.13,-,-,,
8.44,5.12,5.29,5.23,WAN,West Aust News,5.27,+3,14306,5.25,5.30,45.00,f,1.00,.08,8.54,45.10,11.7,,
10.508,8.91,9.45,9.37,WDC,Westfield Grp stp,9.40,-,94046,9.39,9.43,63.56,,.76,7.18,6.76,48.14,19.5,,
2.75,2.49,2.64,2.61,WRT,Westfield Retail Tr stp,2.64,+1,94856,2.63,2.64,-,,-,-,-,-,-,,
1.21,.935,1.08,1.06,WIC,Westoz Inv,1.08,+2,650,1.08,1.12,10.50,f,1.50,1.67,9.72,15.80,6.8,,
.20,.04,-,-,WICO,  opt jun12,.085,-,-,.085,.145,-,,-,-,-,-,-,,
28.43,20.56,24.43,24.13,WBC,Westpac Banking,24.27,+18,117216,24.25,24.27,139.00,f,1.54,8.96,5.73,214.20,11.3,,
3.46,2.76,2.92,2.90,WHF,Whitefield,2.92,+3,1409,2.90,2.92,17.00,f,.25,3.35,5.82,4.28,68.2,,
1.345,1.345,-,-,WHFPA,  8% cum pf,1.345,-,-,-,-,8.00,,-,-,5.95,-,-,,
1.175,.90,.96,.93,WHG,WHK Grp,.94,+1,1648,.94,.96,7.00,f,1.14,.14,7.45,7.95,11.8,,
11.26,9.25,9.95,9.91,WBB,Wide Bay Aust,9.95,+3,167,9.95,10.00,61.00,f,1.13,4.24,6.13,68.78,14.5,,
1.86,.80,-,-,WIG,Wilson HTM Inv,.805,-,-,.805,.85,2.00,f,-,.63,2.48,-12.90,-,,
30.18,25.52,26.85,26.56,WOW,Woolworths,26.80,+31,34742,26.78,26.84,119.00,f,1.43,1.87,4.44,170.11,15.8,,
.15,.014,-,-,WNS,World.Net Services,.014,-,-,.01,-,-,,-,-.04,-,-.07,-,,
.011,.003,-,-,WRR,World Reach,.004,-,-,.004,.005,-,,-,-,-,-.11,-,,
.10,.014,-,-,WWG,World Wide Ent Grp,.025,-,-,.028,.04,-,,-,-,-,-22.00,-,,
31.67,19.95,31.63,30.99,WOR,WorleyParsons,31.51,+43,18285,31.10,31.51,76.00,f,1.50,.39,2.41,114.10,27.6,,
8.08,4.07,5.54,5.33,WTF,Wotif.com Hldgs,5.49,+15,3552,5.28,5.49,22.00,f,1.10,-.01,4.01,24.18,22.7,,
.035,.008,-,-,XCD,Xceed Capital,-,-,-,-,-,-,,-,.02,-,-.49,-,,
.215,.058,-,-,XXL,Xiaoxiao Education,.063,-,-,.061,.07,-,,-,.10,-,-2.05,-,,
.23,.12,.20,.20,XRF,XRF Scientific,.20,+.5,200,.195,.20,-,,-,.05,-,1.13,17.7,,
.038,.021,-,-,XTE,XTEK,.033,-,-,.029,.032,-,,-,.01,-,-2.10,-,,
.35,.10,-,-,YHL,Yanghao Int'l,-,-,-,-,.10,-,,-,-.80,-,-19.90,-,,
.275,.20,.21,.205,ZHE,Zheng He Global Cap,.205,-,500,.205,.235,-,,-,-,-,-,-,,
.47,.115,.47,.43,ZGL,Zicom Grp,.465,+4.5,101585,.46,.47,.95,f,6.13,.23,2.04,5.82,8.0,,
.095,.02,-,-,ZMG,Zingmobile Grp cdi,.07,-,-,.07,.08,-,,-,.02,-,.02,350.0,,
.15,.017,.105,.10,ZYL,Zylotech,.10,-1,15711,.10,.11,-,,-,.01,-,-.17,-,,
,
